    Blocking waiting for file lock on build directory
warning: unused import: `super::*`
 --> src/runtime/eval/indexed/full/value_prepare.rs:1:5
  |
1 | use super::*;
  |     ^^^^^^^^
  |
  = note: `#[warn(unused_imports)]` (part of `#[warn(unused)]`) on by default

warning: unused import: `ScopedOperationSourceId`
  --> src/runtime/eval/indexed/generic.rs:11:155
   |
11 | ...Source, ScopedOperationWitness, ScopedOperationCode, ScopedOperationSourceId, ScopedOperationWitnessId};
   |                                                         ^^^^^^^^^^^^^^^^^^^^^^^

warning: unused import: `super::*`
 --> src/runtime/eval/lower/value_binding.rs:1:5
  |
1 | use super::*;
  |     ^^^^^^^^

warning: unused imports: `SolvedConstructorArgument` and `SolvedConstructorParameter`
  --> src/sema/check.rs:30:139
   |
30 | ...dConstructorApplication, SolvedConstructorArgument, SolvedConstructorDefault, SolvedConstructorParameter};
   |                             ^^^^^^^^^^^^^^^^^^^^^^^^^                            ^^^^^^^^^^^^^^^^^^^^^^^^^^

warning: unused import: `StmtId`
 --> src/sema/check/local_inference.rs:2:129
  |
2 | use crate::syntax::arena::{ArenaBindingTargetKind, ArenaExprKind, ArenaExprOrRun, ArenaProgram, ArenaStmtKind, BindingTargetId, StmtId};
  |                                                                                                                                 ^^^^^^

warning: unused import: `ModuleProjectionKind`
  --> src/sema/check.rs:86:29
   |
86 | pub use module_projection::{ModuleProjectionKind, SolvedModuleProjection};
   |                             ^^^^^^^^^^^^^^^^^^^^

warning: unused import: `ProducerFlowNode`
  --> src/sema/check.rs:92:157
   |
92 | ...lowOperationAlternative, ProducerFlowOperationTransfer, ProducerFlowNode, ProducerFlowSource};
   |                                                            ^^^^^^^^^^^^^^^^

warning: unused variable: `expression`
   --> src/runtime/eval/indexed/full/callable_prepare.rs:158:77
    |
158 | ...lueSource::Expression(expression) = recipe.value else { return Err(problem("invocation_recipe_protocol_not_prepared")); };
    |                          ^^^^^^^^^^ help: if this is intentional, prefix it with an underscore: `_expression`
    |
    = note: `#[warn(unused_variables)]` (part of `#[warn(unused)]`) on by default

warning: unreachable pattern
  --> src/runtime/eval/indexed/full/pattern_prepare.rs:82:13
   |
82 |             _ => return Err(pattern_problem()),
   |             ^ no value can reach this
   |
note: multiple earlier patterns match some of the same values
  --> src/runtime/eval/indexed/full/pattern_prepare.rs:82:13
   |
61 |             SolvedPatternDecision::Structural => PreparedPatternDecision::Structural,
   |             --------------------------------- matches some of the same values
62 |             SolvedPatternDecision::Alternation => PreparedPatternDecision::Alternation,
   |             ---------------------------------- matches some of the same values
63 |             SolvedPatternDecision::Binding => PreparedPatternDecision::Binding,
   |             ------------------------------ matches some of the same values
64 |             SolvedPatternDecision::Type => PreparedPatternDecision::Type,
   |             --------------------------- matches some of the same values
...
82 |             _ => return Err(pattern_problem()),
   |             ^ ...and 5 other patterns collectively make this unreachable
   = note: `#[warn(unreachable_patterns)]` (part of `#[warn(unused)]`) on by default

warning: unused variable: `expression`
   --> src/runtime/eval/indexed/generic.rs:960:77
    |
960 | ...lueSource::Expression(expression) = argument.original.value else { return Err(failure("native call source recipe is not prepared...
    |                          ^^^^^^^^^^ help: if this is intentional, prefix it with an underscore: `_expression`

warning: unused variable: `expression`
    --> src/runtime/eval/indexed/generic.rs:1055:77
     |
1055 | ...ueSource::Expression(expression) = argument.original.value else { return Err(failure("invocation source recipe is not prepared"...
     |                         ^^^^^^^^^^ help: if this is intentional, prefix it with an underscore: `_expression`

warning: variable does not need to be mutable
   --> src/sema/check/infer_effects.rs:175:21
    |
175 |                 let mut chain = vec![name.to_string()];
    |                     ----^^^^^
    |                     |
    |                     help: remove this `mut`
    |
    = note: `#[warn(unused_mut)]` (part of `#[warn(unused)]`) on by default

warning: unused variable: `name`
   --> src/sema/check/infer_effects.rs:183:84
    |
183 |     pub(super) fn record_effect_contract(&mut self, effects: &Option<Vec<Effect>>, name: &str) {
    |                                                                                    ^^^^ help: if this is intentional, prefix it with an underscore: `_name`

warning: fields `value_binding_origins` and `value_binding_uses` are never read
   --> src/runtime/eval.rs:530:5
    |
515 | struct BuildScratch {
    |        ------------ fields in this struct
...
530 |     value_binding_origins: BTreeMap<crate::sema::check::BindingIdentity, BuildValueBindingOrigin>,
    |     ^^^^^^^^^^^^^^^^^^^^^
531 |     value_binding_uses: BTreeMap<crate::sema::check::ExpressionIdentity, crate::sema::check::BindingIdentity>,
    |     ^^^^^^^^^^^^^^^^^^
    |
    = note: `BuildScratch` has derived impls for the traits `Debug` and `Clone`, but these are intentionally ignored during dead code analysis
    = note: `#[warn(dead_code)]` (part of `#[warn(unused)]`) on by default

warning: multiple fields are never read
   --> src/runtime/eval.rs:568:5
    |
567 | struct BuildValueBindingOrigin {
    |        ----------------------- fields in this struct
568 |     statement: crate::sema::check::StatementIdentity,
    |     ^^^^^^^^^
569 |     row: BuildStmtId,
    |     ^^^
570 |     slot: usize,
    |     ^^^^
571 |     initializer: BuildExprId,
    |     ^^^^^^^^^^^
572 |     initializer_source: crate::sema::check::ExpressionIdentity,
    |     ^^^^^^^^^^^^^^^^^^
573 |     source_type: crate::sema::inference::ScopedRoot,
    |     ^^^^^^^^^^^
574 |     initializer_type: crate::sema::inference::ScopedRoot,
    |     ^^^^^^^^^^^^^^^^
    |
    = note: `BuildValueBindingOrigin` has derived impls for the traits `Debug` and `Clone`, but these are intentionally ignored during dead code analysis

warning: field `initializer` is never read
   --> src/runtime/eval.rs:602:5
    |
598 | struct BuildArgumentBindingOrigin {
    |        -------------------------- field in this struct
...
602 |     initializer: BuildExprId,
    |     ^^^^^^^^^^^
    |
    = note: `BuildArgumentBindingOrigin` has derived impls for the traits `Debug` and `Clone`, but these are intentionally ignored during dead code analysis

warning: fields `call`, `entry_index`, `record`, `initializer`, `slot`, and `source_type` are never read
   --> src/runtime/eval.rs:612:5
    |
611 | struct BuildArgumentRecordBindingOrigin {
    |        -------------------------------- fields in this struct
612 |     call: crate::sema::check::ExpressionIdentity,
    |     ^^^^
613 |     entry_index: usize,
    |     ^^^^^^^^^^^
614 |     record: crate::sema::check::ExpressionIdentity,
    |     ^^^^^^
615 |     initializer: BuildExprId,
    |     ^^^^^^^^^^^
616 |     slot: usize,
    |     ^^^^
617 |     source_type: crate::sema::inference::ScopedRoot,
    |     ^^^^^^^^^^^
    |
    = note: `BuildArgumentRecordBindingOrigin` has derived impls for the traits `Debug` and `Clone`, but these are intentionally ignored during dead code analysis

warning: function `lowered_method_call_args` is never used
   --> src/runtime/eval/lower.rs:204:4
    |
204 | fn lowered_method_call_args(name: Name, args: &[ArenaCallArg]) -> Option<Vec<ExprId>> {
    |    ^^^^^^^^^^^^^^^^^^^^^^^^

warning: function `lowered_arena_result_ok_type` is never used
    --> src/runtime/eval/lower.rs:1568:4
     |
1568 | fn lowered_arena_result_ok_type(
     |    ^^^^^^^^^^^^^^^^^^^^^^^^^^^^

warning: methods `top_level_run_binding_checked_type` and `infer_lowered_run_result_ok_type` are never used
    --> src/runtime/eval/lower.rs:5042:8
     |
2863 | impl CompactLowerConstructProbe<'_, '_> {
     | --------------------------------------- methods in this implementation
...
5042 |     fn top_level_run_binding_checked_type(
     |        ^^^^^^^^^^^^^^^^^^^^^^^^^^^^^^^^^^
...
5068 |     fn infer_lowered_run_result_ok_type(
     |        ^^^^^^^^^^^^^^^^^^^^^^^^^^^^^^^^

warning: function `record_binding_types` is never used
     --> src/runtime/eval/lower.rs:12950:4
      |
12950 | fn record_binding_types(program: &ArenaProgram, target: BindingTargetId, ty: Option<&Type>) -> Vec<(Name, Option<Type>)> {
      |    ^^^^^^^^^^^^^^^^^^^^

warning: field `authority` is never read
  --> src/runtime/eval/lower/iteration.rs:17:9
   |
13 | pub(super) struct CheckedIterationProjection {
   |                   -------------------------- field in this struct
...
17 |     pub authority: Name,
   |         ^^^^^^^^^

warning: method `lookup_lowered_capture` is never used
    --> src/runtime/eval/lowered_run.rs:9930:8
     |
3509 | impl Evaluator {
     | -------------- method in this implementation
...
9930 |     fn lookup_lowered_capture(&self, name: Name, kind: LoweredType) -> Option<LoweredValue> {
     |        ^^^^^^^^^^^^^^^^^^^^^^

warning: method `eval_indexed_external_call` is never used
    --> src/runtime/eval/lowered_run/indexed_run.rs:2322:8
     |
 349 | impl Evaluator {
     | -------------- method in this implementation
...
2322 |     fn eval_indexed_external_call(
     |        ^^^^^^^^^^^^^^^^^^^^^^^^^^

warning: method `checked_indexed_callable` is never used
  --> src/runtime/eval/lowered_run/indexed_run/callable_run.rs:25:19
   |
 5 | impl Evaluator {
   | -------------- method in this implementation
...
25 |     pub(super) fn checked_indexed_callable(&self, execution: &FullExecution<'_>, plan: InvocationPlanId, callee: &LoweredValue, span...
   |                   ^^^^^^^^^^^^^^^^^^^^^^^^

warning: variant `Contextual` is never constructed
 --> src/sema/check/registry_boundaries.rs:9:52
  |
9 | pub(crate) enum RegistryValidationMode { Explicit, Contextual }
  |                 ----------------------             ^^^^^^^^^^
  |                 |
  |                 variant in this enum
  |
  = note: `RegistryValidationMode` has derived impls for the traits `Debug` and `Clone`, but these are intentionally ignored during dead code analysis

warning: field `operation` is never read
  --> src/sema/check/registry_boundaries.rs:25:21
   |
25 |     CliDescriptor { operation: RuntimeOp, plan: Arc<crate::modules::cli::CliDescriptorPlan> },
   |     -------------   ^^^^^^^^^
   |     |
   |     field in this variant
   |
   = note: `RegistryBoundaryKind` has derived impls for the traits `Debug` and `Clone`, but these are intentionally ignored during dead code analysis

warning: field `algorithm` is never read
  --> src/sema/check/registry_boundaries.rs:26:21
   |
26 |     HashAlgorithm { algorithm: Name },
   |     -------------   ^^^^^^^^^
   |     |
   |     field in this variant
   |
   = note: `RegistryBoundaryKind` has derived impls for the traits `Debug` and `Clone`, but these are intentionally ignored during dead code analysis

warning: field `mode` is never read
  --> src/sema/check/registry_boundaries.rs:27:48
   |
27 |     SchemaValidation { schema: RegistrySchema, mode: RegistryValidationMode },
   |     ---------------- field in this variant     ^^^^
   |
   = note: `RegistryBoundaryKind` has derived impls for the traits `Debug` and `Clone`, but these are intentionally ignored during dead code analysis

warning: method `error` is never used
  --> src/sema/check/operation_catalog.rs:90:19
   |
43 | impl SolvedOperationCatalog {
   | --------------------------- method in this implementation
...
90 |     pub(crate) fn error(&self, graph: &InferenceContext, authority: Name) -> Result<&RegistryErrorVariant, InferenceError> {
   |                   ^^^^^

warning: function `evaluate_producer_flow` is never used
   --> src/sema/check/producer_eval.rs:207:15
    |
207 | pub(crate) fn evaluate_producer_flow(
    |               ^^^^^^^^^^^^^^^^^^^^^^

warning: function `evaluate_producer_flows` is never used
   --> src/sema/check/producer_eval.rs:228:15
    |
228 | pub(crate) fn evaluate_producer_flows(
    |               ^^^^^^^^^^^^^^^^^^^^^^^

warning: field `family` is never read
  --> src/sema/operation_graph.rs:12:65
   |
12 | pub(crate) struct LanguageAuthority { pub id: &'static str, pub family: &'static str, pub disposition: LanguageDisposition }
   |                   ----------------- field in this struct        ^^^^^^
   |
   = note: `LanguageAuthority` has derived impls for the traits `Debug` and `Clone`, but these are intentionally ignored during dead code analysis

warning: associated constants `MIN`, `MAX`, and `ALL` are never used
  --> src/sema/stage_graph.rs:18:43
   |
17 | impl ReductionModes {
   | ------------------- associated constants in this implementation
18 |     pub const SUM:Self=Self(1); pub const MIN:Self=Self(2); pub const MAX:Self=Self(4); pub const ALL:Self=Self(7);
   |                                           ^^^                         ^^^                         ^^^

warning: field `input_numeric` is never read
  --> src/sema/stage_graph.rs:54:9
   |
49 | pub(crate) struct StageCandidate {
   |                   -------------- field in this struct
...
54 |     pub input_numeric: Option<Atom>,
   |         ^^^^^^^^^^^^^
   |
   = note: `StageCandidate` has derived impls for the traits `Debug` and `Clone`, but these are intentionally ignored during dead code analysis

warning: field `intrinsic_pull` is never read
  --> src/sema/stage_graph.rs:74:9
   |
71 | pub(crate) struct StageEffectRelation {
   |                   ------------------- field in this struct
...
74 |     pub intrinsic_pull: EffectSet,
   |         ^^^^^^^^^^^^^^
   |
   = note: `StageEffectRelation` has derived impls for the traits `Debug` and `Clone`, but these are intentionally ignored during dead code analysis

warning: variants `MapKey`, `OptionalPayload`, `ResultError`, and `RecordField` are never constructed
  --> src/sema/registry_graph.rs:36:55
   |
36 | pub(crate) enum RegistryProducerComponent { ListItem, MapKey, MapValue, OptionalPayload, ResultSuccess, ResultError, RecordField(Nam...
   |                 -------------------------             ^^^^^^            ^^^^^^^^^^^^^^^                 ^^^^^^^^^^^  ^^^^^^^^^^^
   |                 |
   |                 variants in this enum
   |
   = note: `RegistryProducerComponent` has derived impls for the traits `Debug` and `Clone`, but these are intentionally ignored during dead code analysis

warning: fields `entry` and `command` are never read
  --> src/sema/registry_graph.rs:76:9
   |
71 | pub(crate) struct RegistryCandidate {
   |                   ----------------- fields in this struct
...
76 |     pub entry: &'static str,
   |         ^^^^^
...
80 |     pub command: bool,
   |         ^^^^^^^
   |
   = note: `RegistryCandidate` has derived impls for the traits `Debug` and `Clone`, but these are intentionally ignored during dead code analysis

warning: enum `RegistryProducerPath` is never used
   --> src/sema/registry_graph.rs:128:17
    |
128 | pub(crate) enum RegistryProducerPath { ResultSuccess }
    |                 ^^^^^^^^^^^^^^^^^^^^

warning: struct `RegistryProducerAlternative` is never constructed
   --> src/sema/registry_graph.rs:131:19
    |
131 | pub(crate) struct RegistryProducerAlternative {
    |                   ^^^^^^^^^^^^^^^^^^^^^^^^^^^

warning: struct `RegistryProducerRelation` is never constructed
   --> src/sema/registry_graph.rs:137:19
    |
137 | pub(crate) struct RegistryProducerRelation {
    |                   ^^^^^^^^^^^^^^^^^^^^^^^^

warning: fields `family` and `variant` are never read
   --> src/sema/registry_graph.rs:155:9
    |
153 | pub(crate) struct RegistryErrorVariant {
    |                   -------------------- fields in this struct
154 |     pub authority_id:Name,
155 |     pub family:Name,
    |         ^^^^^^
156 |     pub variant:Name,
    |         ^^^^^^^
    |
    = note: `RegistryErrorVariant` has derived impls for the traits `Debug` and `Clone`, but these are intentionally ignored during dead code analysis

warning: method `producer_result_relation` is never used
   --> src/sema/registry_graph.rs:319:19
    |
173 | impl RegistryGraph {
    | ------------------ method in this implementation
...
319 |     pub(crate) fn producer_result_relation(&self,graph:&InferenceContext,family:OperationFamilyId)->Result<Option<RegistryProducerR...
    |                   ^^^^^^^^^^^^^^^^^^^^^^^^

warning: the `slots:` in this pattern is redundant
  --> src/runtime/eval/lowered_run/indexed_run/callable_run.rs:99:32
   |
99 |         let IndexedCallSlots { slots: mut slots, pending_defaults } = bound;
   |                                ^^^^^^^^^^^^^^^^ help: use shorthand field pattern: `mut slots`
   |
   = note: `#[warn(non_shorthand_field_patterns)]` on by default

warning: `xsh` (lib) generated 44 warnings (run `cargo fix --lib -p xsh` to apply 13 suggestions)
warning: unused import: `ScopedOperationSourceId`
  --> src/runtime/eval/indexed/generic.rs:11:155
   |
11 | ...Source, ScopedOperationWitness, ScopedOperationCode, ScopedOperationSourceId, ScopedOperationWitnessId};
   |                                                         ^^^^^^^^^^^^^^^^^^^^^^^
   |
   = note: `#[warn(unused_imports)]` (part of `#[warn(unused)]`) on by default

warning: function `lowered_method_call_args` is never used
   --> src/runtime/eval/lower.rs:204:4
    |
204 | fn lowered_method_call_args(name: Name, args: &[ArenaCallArg]) -> Option<Vec<ExprId>> {
    |    ^^^^^^^^^^^^^^^^^^^^^^^^
    |
    = note: `#[warn(dead_code)]` (part of `#[warn(unused)]`) on by default

warning: field `command` is never read
  --> src/sema/registry_graph.rs:80:9
   |
71 | pub(crate) struct RegistryCandidate {
   |                   ----------------- field in this struct
...
80 |     pub command: bool,
   |         ^^^^^^^
   |
   = note: `RegistryCandidate` has derived impls for the traits `Debug` and `Clone`, but these are intentionally ignored during dead code analysis

warning: `xsh` (lib test) generated 25 warnings (22 duplicates) (run `cargo fix --lib -p xsh --tests` to apply 1 suggestion)
    Finished `test` profile [unoptimized] target(s) in 27.25s
     Running unittests src/lib.rs (target/debug/build/xsh/3b1ba41aea3ea9fa/out/xsh-3b1ba41aea3ea9fa)

running 1149 tests
test diagnostic::tests::exposes_machine_readable_diagnostics ... ok
test diagnostic::tests::renders_multiple_diagnostics_deterministically ... ok
test diagnostic::tests::renders_source_context_without_terminal_color ... ok
test frontend::query::applications::tests::solved_query_applications_refuse_changed_or_deleted_phantom_source_certificates ... ok
test frontend::query::applications::tests::solved_query_constructor_application_keeps_phantom_arguments_after_ast_drop ... ok
test frontend::query::applications::tests::solved_query_constructor_application_shares_scopes_and_enforces_one_projection_budget ... ok
test frontend::query::applications::tests::solved_query_error_join_preserves_independent_inputs_and_completion_bound ... ok
test frontend::query::applications::tests::solved_query_schema_application_keeps_phantom_arguments_after_ast_drop ... ok
test frontend::query::native_tests::solved_query_actual_callback_type_keeps_principal_scheme_separate_after_ast_drop ... ok
test frontend::query::native_tests::solved_query_callable_choice_preserves_each_members_distinct_effects_and_full_signature ... ok
test frontend::query::native_tests::solved_query_conditional_native_families_retain_all_selected_plans_after_ast_drop ... ok
test frontend::query::native_tests::solved_query_conditional_native_user_plans_keep_exact_user_source_origin_after_ast_drop ... ok
test frontend::query::native_tests::solved_query_invocation_protocol_preserves_exact_kinds_without_callable_shape_invention ... ok
test frontend::query::native_tests::solved_query_native_choice_preserves_complete_arities_and_selected_invocation_after_ast_drop ... ok
test frontend::query::native_tests::solved_query_native_command_family_keeps_finite_domains_and_each_member_default_after_ast_drop ... ok
test frontend::query::native_tests::solved_query_native_command_invocations_keep_selected_member_and_original_default_masks ... ok
test frontend::query::native_tests::solved_query_native_hash_choice_keeps_pure_and_proc_effects_labels_and_results_distinct ... ok
test frontend::query::native_tests::solved_query_native_invocation_keeps_original_masks_timing_and_shared_authority ... ok
test frontend::query::native_tests::solved_query_native_json_reference_retains_mono_signature_guards_after_ast_drop ... ok
test frontend::query::native_tests::solved_query_native_process_factory_keeps_projected_roles_through_returned_value ... ok
test frontend::query::native_tests::solved_query_native_user_selection_keeps_both_authorities_in_either_source_order ... ok
test frontend::query::native_tests::solved_query_source_stage_protocol_keeps_original_choice_and_actual_child_after_ast_drop ... ok
test frontend::query::tests::solved_query_binding_retains_fixed_collection_type_and_mutability ... ok
test frontend::query::tests::solved_query_builtin_error_identity_comes_from_registered_family ... ok
test frontend::query::tests::solved_query_call_result_is_concrete_without_specializing_the_declaration ... ok
test frontend::query::tests::solved_query_callable_invocation_preserves_actual_modes_without_formal_labels ... ok
test frontend::query::tests::solved_query_canonical_eligibility_keeps_residual_item_and_command_domains ... ok
test frontend::query::tests::solved_query_closed_annotation_parses_and_rechecks_without_generic_syntax ... ok
test frontend::query::tests::solved_query_effect_quantifier_preserves_derived_calculation_provenance ... ok
test frontend::query::tests::solved_query_expansion_is_bounded_and_does_not_mutate_solver_counters ... ok
test frontend::query::tests::solved_query_foreign_owner_cannot_reinterpret_names_after_arena_drop ... ok
test frontend::query::tests::solved_query_generalized_value_descendant_keeps_context_without_new_forall ... ok
test frontend::query::tests::solved_query_generic_operation_keeps_definition_scope_after_independent_calls ... ok
test frontend::query::tests::solved_query_identity_exposes_one_principal_relationship_without_rechecking ... ok
test frontend::query::tests::solved_query_latent_roles_normalize_effect_binders_and_bounds ... ok
test frontend::query::tests::solved_query_masked_effect_inclusion_keeps_permissions_and_binder_relationships ... ok
test frontend::query::tests::solved_query_missing_foreign_and_unresolved_are_distinct ... ok
test frontend::query::tests::solved_query_nested_graph_leaves_offer_only_closed_source_annotations ... ok
test frontend::query::tests::solved_query_nominal_source_identity_compares_only_within_its_bundle ... ok
test frontend::query::tests::solved_query_nominal_spelling_is_not_semantic_parity_evidence ... ok
test frontend::query::tests::solved_query_nullable_normalization_is_idempotent_after_bounded_recursion ... ok
test frontend::query::tests::solved_query_nullable_producer_flow_keeps_lift_inputs_and_nested_paths_after_ast_drop ... ok
test frontend::query::tests::solved_query_operation_failure_projection_keeps_declared_error_binder ... ok
test frontend::query::tests::solved_query_operation_roles_keep_formal_inputs_and_derived_outputs_separate ... ok
test frontend::query::tests::solved_query_operation_transfers_keep_paths_shared_inputs_and_uncertainty ... ok
test frontend::query::tests::solved_query_owned_names_survive_source_and_graph_disposal ... ok
test frontend::query::tests::solved_query_preserves_default_rest_labels_kind_and_effect_bounds ... ok
test frontend::query::tests::solved_query_producer_field_names_precede_latent_binder_numbering ... ok
test frontend::query::tests::solved_query_producer_profiles_preserve_paths_and_latent_effects ... ok
test frontend::query::tests::solved_query_recursive_components_normalize_binders_by_relationship ... ok
test frontend::query::tests::solved_query_residual_registry_operations_display_public_labels ... ok
test frontend::query::tests::solved_query_resolves_captured_type_and_effect_handles_without_generalizing_them ... ok
test frontend::query::tests::solved_query_reveal_uses_frozen_principal_and_instantiated_source_facts ... ok
test frontend::query::tests::solved_query_root_value_operation_retains_its_generalized_initializer_scope ... ok
test frontend::query::tests::solved_query_row_binder_order_uses_flattened_semantic_fields ... ok
test frontend::query::tests::solved_query_rows_and_additions_normalize_independent_declaration_order ... ok
test frontend::query::tests::solved_query_safe_value_schemes_override_the_lexical_function_scope ... ok
test frontend::query::tests::solved_query_source_addition_keeps_distinct_value_inputs_and_requirement ... ok
test frontend::query::tests::solved_query_source_callable_alias_keeps_its_original_scheme ... ok
test frontend::query::tests::solved_query_source_comprehension_preserves_generator_qualifier_ordinals_and_inputs ... ok
test frontend::query::tests::solved_query_source_dynamic_splice_keeps_segments_defaults_and_guards_after_ast_drop ... ok
test frontend::query::tests::solved_query_source_flow_keeps_distinct_formals_after_type_unification ... ok
test frontend::query::tests::solved_query_source_for_statement_preserves_iterable_binding_after_ast_drop ... ok
test frontend::query::tests::solved_query_source_record_update_preserves_base_ordered_paths_and_shared_values ... ok
test frontend::query::tests::solved_query_source_stages_keep_pipeline_identity_and_actual_ordinals ... ok
test frontend::query::tests::solved_query_source_statement_and_expression_operations_preserve_binding_and_scope ... ok
test frontend::query::tests::solved_query_source_stream_reveal_separates_creation_pull_and_cleanup ... ok
test frontend::query::tests::solved_query_symbolic_binding_snapshot_preserves_versions_and_owner ... ok
test frontend::query::tests::solved_query_symbolic_flow_alpha_normalizes_each_source_scope ... FAILED
test frontend::query::tests::solved_query_symbolic_flow_preserves_parameter_identity_and_shared_edges ... ok
test frontend::query::tests::solved_query_unscoped_binders_and_captures_are_not_parity_evidence ... ok
test frontend_stats::tests::arena_table_stats_report_hot_and_cold_table_usage ... ok
test frontend_stats::tests::auto_main_does_not_double_count_constructed_functions ... ok
test frontend_stats::tests::default_file_stats_reconcile ... ok
test frontend_stats::tests::failed_preparation_retains_attempted_source_counts ... ok
test frontend_stats::tests::indexed_execution_retained_columns_are_stable ... ok
test frontend_stats::tests::installed_lowering_stats_preserve_original_source_counts ... ok
test frontend_stats::tests::json_output_is_stable ... ok
test frontend_stats::tests::source_measurements_are_deterministic_without_allocator_tracking ... ok
test host_impl::tests::command_spec_builds_process_invocation ... ok
test host_impl::tests::command_spec_rejects_invalid_os_strings ... ok
test host_impl::tests::tty_attrs_record_roundtrips_through_typed_facade ... ok
test loader::tests::compact_file_unit_exposes_loaded_module_statements ... ok
test loader::tests::compact_file_unit_keeps_parse_diagnostics_attached ... ok
test loader::tests::compact_file_unit_wraps_parsed_arena_without_checker_runtime_state ... ok
test loader::tests::compact_module_graph_collects_resolved_declarations_before_evaluator_installation ... ok
test loader::tests::static_module_diamond_reads_and_parses_each_canonical_dependency_once ... ok
test loader::tests::static_module_reuse_preserves_missing_import_and_cycle_source_labels ... ok
test map_key::tests::scalar_map_keys_keep_domains_and_canonical_order ... ok
test map_key::tests::scalar_map_native_bytes_are_lossless_and_borrowed ... ok
test modules::bytes::tests::byte_slice_helpers_cover_script_methods ... ok
test modules::cli::tests::arg_token_kind_strings_match_public_contract ... ok
test modules::cli::tests::parse_scalar_arg_types_is_centralized ... ok
test modules::cli::tests::parse_type_name_still_handles_list_wrappers ... ok
test modules::elf::tests::parses_big_endian_elf32_and_android_dynamic_tags ... ok
test modules::elf::tests::parses_dynamic_dependencies_from_elf64_little_endian ... ok
test modules::elf::tests::rejects_truncated_elf ... ok
test modules::elf::tests::reports_non_elf_without_error ... ok
test modules::elf::tests::uses_section_headers_when_program_dynamic_is_absent ... ok
test modules::fs::tests::df_capacity_percent_matches_busybox_df ... ok
test modules::fs::tests::mounts_include_root_and_positive_counters ... ok
test modules::fs::tests::unordered_directory_listing_is_lazy ... ok
test modules::hash::tests::file_digest_retries_interrupted_reads ... ok
test modules::hash::tests::file_digests_read_in_bounded_chunks_with_byte_parity ... ok
test modules::ini::tests::decode_accepts_globals_sections_comments_colon_and_continuations ... ok
test modules::ini::tests::decode_rejects_duplicates_case_insensitively ... ok
test modules::ini::tests::decode_rejects_global_section_collisions ... ok
test modules::linux::tests::tests::blkid_reads_seed_filesystem_magic_fixtures ... ok
test modules::linux::tests::tests::fsck_dispatches_to_filesystem_specific_checker ... ok
test modules::linux::tests::tests::module_metadata_fixtures_cover_modinfo_and_depmod ... ok
test modules::linux::tests::tests::module_metadata_reads_supported_compressed_modules ... ok
test modules::linux::tests::tests::partition_table_reads_and_writes_dos_and_gpt_file_images ... ok
test modules::mime::tests::host_mime_types_override_builtins_by_extension ... ok
test modules::mime::tests::lookup_path_prefers_known_multi_extensions ... ok
test modules::mime::tests::parse_media_type_normalizes_type_and_params ... ok
test modules::mime::tests::parse_media_type_rejects_malformed_values ... ok
test modules::regex::tests::checked_regex_literals_share_preparation_across_frontend_passes_and_clones ... ok
test modules::regex::tests::invalid_regex_literals_are_diagnosed_even_in_unreachable_functions ... ok
test modules::signature::tests::api_spec_adapter_exactly_mirrors_registry ... ok
test modules::system::tests::memory_reports_total ... ok
test modules::system::tests::os_release_reports_name ... ok
test modules::tests::module_signatures_keep_expected_boundaries ... ok
test modules::text::tests::text_helpers_cover_native_methods ... ok
test modules::time::tests::format_epoch_ms_utc_handles_epoch_leap_day_and_pre_epoch_values ... ok
test modules::unix::tests::does_not_match_later_shell_argv_tokens ... ok
test modules::unix::tests::matches_exact_process_name_and_argv0_basename ... ok
test modules::unix::tests::matches_linux_comm_truncation_only_as_prefix ... ok
test modules::unix::tests::skips_self_and_pid1 ... ok
test runner::tests::compact_indexed_coverage_trace_preserves_function_definition_span ... FAILED
test runner::tests::compact_indexed_runner_attempt_covers_archive_package_shape ... FAILED
test runner::tests::compact_indexed_runner_attempt_covers_extension_count_shape ... FAILED
test runner::tests::compact_indexed_runner_attempt_covers_implicit_rest_main ... ok
test runner::tests::compact_indexed_runner_attempt_covers_json_log_rollup_shape ... FAILED
test runner::tests::compact_indexed_runner_attempt_covers_manifest_hash_shape ... FAILED
test runner::tests::compact_indexed_runner_attempt_covers_named_helper_call ... FAILED
test runner::tests::compact_indexed_runner_attempt_covers_path_constructor_binding_inference ... ok
test runner::tests::compact_indexed_runner_attempt_covers_path_constructor_param_default ... ok
test runner::tests::compact_indexed_runner_attempt_covers_path_parse_and_print ... ok
test runner::tests::compact_indexed_runner_attempt_covers_range_flat_map_sum_collect ... ok
test runner::tests::compact_indexed_runner_attempt_covers_result_unit_fallthrough ... FAILED
test runner::tests::compact_indexed_runner_attempt_executes_covered_script ... ok
test runner::tests::compact_indexed_runner_attempt_loads_user_module_without_compat_program ... ok
test runner::tests::compact_indexed_runner_attempt_propagates_top_level_result_err ... ok
test runner::tests::compact_indexed_runner_attempt_skips_standard_use ... FAILED
test runner::tests::diagnostic_attempt_reuses_loaded_entry_source ... ok
test runner::tests::prepared_benchmark_script_matches_normal_execution ... ok
test runner::tests::run_script_uses_compact_runner_by_default_for_covered_scripts ... ok
test runner::tests::runner_renders_shared_module_diagnostics_once ... ok
test runtime::eval::callable_value::tests::prepared_callable_refuses_foreign_identity_and_incomplete_or_wrong_creation_captures ... ok
test runtime::eval::callable_value::tests::prepared_callable_refuses_to_snapshot_a_mutable_lexical_capture ... ok
test runtime::eval::callable_value::tests::prepared_callable_survives_container_and_host_value_round_trips_with_its_creation ... ok
test runtime::eval::indexed::full::callable_prepare::tests::ground_user_callable_checkpoint_retires_creation_handles ... ok
test runtime::eval::indexed::full::callable_prepare::tests::ground_user_callable_rejects_missing_foreign_misplaced_and_rewritten_authority ... ok
test runtime::eval::indexed::full::callable_prepare::tests::ground_user_callable_rejects_same_signature_encoded_target_after_frontend_drop ... ok
test runtime::eval::indexed::full::callable_prepare::tests::ground_user_invocation_retains_original_supplied_default_and_creation_contract ... ok
test runtime::eval::indexed::full::callable_prepare::tests::local_callable_binding_rejects_same_signature_slot_and_authority_rewrites_after_frontend_drop ... ok
test runtime::eval::indexed::full::callable_prepare::tests::saved_user_arguments_reject_coupled_authored_entry_rewrites_after_frontend_drop ... FAILED
test runtime::eval::indexed::full::callable_prepare::tests::saved_user_arguments_reject_original_recipe_slot_wrapper_and_owner_changes_after_frontend_drop ... ok
test runtime::eval::indexed::full::evidence_audit_tests::add_witness_rejects_an_incompatible_operand_from_the_same_function ... ok
test runtime::eval::indexed::full::evidence_audit_tests::identity_return_plan_cannot_wrap_or_discard_its_declared_value ... ok
test runtime::eval::indexed::full::evidence_audit_tests::scoped_callable_tests::scoped_callback_cold_proof_rejects_coupled_source_rewrites_and_foreign_witnesses ... ok
test runtime::eval::indexed::full::evidence_audit_tests::scoped_callable_tests::scoped_callback_instances_preserve_original_source_and_concrete_signatures ... ok
test runtime::eval::indexed::full::evidence_audit_tests::scoped_callable_tests::scoped_callback_sources_and_witnesses_retire_with_builder_rewind ... ok
test runtime::eval::indexed::full::evidence_audit_tests::unused_forwarding_rejects_a_fixed_projection_with_a_foreign_layout ... ok
test runtime::eval::indexed::full::evidence_audit_tests::unused_forwarding_rejects_an_in_bounds_but_different_caller_requirement ... ok
test runtime::eval::indexed::full::evidence_audit_tests::written_result_return_keeps_its_declaration_return_plan ... ok
test runtime::eval::indexed::full::generic_operation_prepare::tests::scoped_ok_forwarding_uses_prepared_constructor_witnesses_after_frontend_drop ... FAILED
test runtime::eval::indexed::full::generic_operation_prepare::tests::scoped_ok_rejects_wrong_binders_coupled_receipts_and_foreign_roots ... FAILED
test runtime::eval::indexed::full::generic_operation_prepare::tests::scoped_ok_retains_original_operation_and_contextual_certificates ... ok
test runtime::eval::indexed::full::generic_prepare::stage_prepare_tests::ground_stage_callback_checkpoint_retires_sources_and_preserves_current_serials ... ok
test runtime::eval::indexed::full::generic_prepare::stage_prepare_tests::ground_stage_callback_preserves_exact_default_slot_and_call_opcode ... ok
test runtime::eval::indexed::full::generic_prepare::stage_prepare_tests::ground_stage_callback_rejects_a_different_original_declaration_before_publication ... ok
test runtime::eval::indexed::full::generic_prepare::stage_prepare_tests::ground_stage_callback_rejects_a_different_target_after_frontend_drop ... ok
test runtime::eval::indexed::full::generic_prepare::stage_prepare_tests::ground_stage_callback_rejects_changed_sequence_carrier ... ok
test runtime::eval::indexed::full::generic_prepare::stage_prepare_tests::ground_stage_callback_rejects_missing_foreign_misplaced_and_rewritten_proofs ... ok
test runtime::eval::indexed::full::generic_prepare::stage_prepare_tests::ground_stage_chain_uses_original_changed_item_result_and_order ... ok
test runtime::eval::indexed::full::generic_prepare::stage_prepare_tests::original_stage_callback_retains_prepared_call_after_frontend_drop ... ok
test runtime::eval::indexed::full::generic_prepare::stage_prepare_tests::original_stage_item_proof_rejects_changed_slot_input_owner_and_callback ... ok
test runtime::eval::indexed::full::iteration_prepare::tests::cold_iteration_bindings_reject_changed_iterator_slot_body_and_producer ... ok
test runtime::eval::indexed::full::iteration_prepare::tests::cold_iteration_bindings_reject_changed_source_owner_domain_and_missing_receipts ... ok
test runtime::eval::indexed::full::iteration_prepare::tests::cold_iteration_bindings_reject_coupled_same_storage_loop_and_read_rewrites ... ok
test runtime::eval::indexed::full::iteration_prepare::tests::cold_iteration_iterator_keeps_its_original_same_typed_parameter_source ... FAILED
test runtime::eval::indexed::full::iteration_prepare::tests::cold_iteration_reads_require_the_actual_original_loop_body ... FAILED
test runtime::eval::indexed::full::native_prepare::tests::canonical_native_call_lifetimes_keep_original_sources_caches_and_retained_payload_owned ... ok
test runtime::eval::indexed::full::native_prepare::tests::canonical_native_calls_preserve_closed_operands_inside_the_original_generic_scope ... ok
test runtime::eval::indexed::full::native_prepare::tests::canonical_native_calls_reject_coforged_opcode_proof_and_source_expectation ... ok
test runtime::eval::indexed::full::native_prepare::tests::canonical_native_calls_reject_missing_foreign_misplaced_and_rewritten_sources ... ok
test runtime::eval::indexed::full::native_prepare::tests::canonical_native_calls_reject_opcode_argument_default_result_and_effect_rewrites ... ok
test runtime::eval::indexed::full::native_prepare::tests::canonical_native_module_result_carrier_requires_prepared_source_proof_after_frontend_drop ... ok
test runtime::eval::indexed::full::native_prepare::tests::canonical_native_named_arguments_keep_original_recipes_before_formal_slot_order ... ok
test runtime::eval::indexed::full::operation_prepare::tests::selected_integer_source_operation_requires_prepared_instruction_proof_after_frontend_drop ... ok
test runtime::eval::indexed::full::operation_prepare::tests::selected_primitive_operations_reject_missing_or_rewritten_operand_result_and_effect_proofs ... ok
test runtime::eval::indexed::full::operation_prepare::tests::selected_source_operation_cannot_rewrite_proof_and_instruction_together ... ok
test runtime::eval::indexed::full::operation_prepare::tests::selected_source_operation_ids_cannot_cross_programs_or_rewind ... ok
test runtime::eval::indexed::full::operation_prepare::tests::selected_source_operation_rejects_wrong_instruction_operands_binding_and_owner ... ok
test runtime::eval::indexed::full::operation_prepare::tests::selected_source_operation_requires_prepared_instruction_proof ... ok
test runtime::eval::indexed::full::operation_prepare::tests::selected_specialized_integer_local_storage_rejects_untyped_conflicting_and_foreign_writes ... ok
test runtime::eval::indexed::full::operation_prepare::tests::selected_specialized_integer_nested_and_literal_operands_retain_typed_contracts ... ok
test runtime::eval::indexed::full::operation_prepare::tests::selected_specialized_integer_operations_preserve_checked_local_storage_contracts ... ok
test runtime::eval::indexed::full::operation_prepare::tests::selected_specialized_integer_proof_rejects_rewritten_origin_parameter_domain_and_codec ... ok
test runtime::eval::indexed::full::operation_prepare::tests::selected_specialized_integer_source_operation_keeps_the_original_prepared_proof ... ok
test runtime::eval::indexed::full::operation_prepare::tests::selected_specialized_integer_storage_checks_each_reachable_operand_once ... ok
test runtime::eval::indexed::full::operation_prepare::tests::selected_string_ordering_and_equality_require_prepared_source_proofs ... ok
test runtime::eval::indexed::full::pattern_prepare::tests::bare_tail_capture_reads_retain_statement_identity_and_arm_visibility ... ok
test runtime::eval::indexed::full::pattern_prepare::tests::cold_literal_patterns_reject_coupled_saved_and_encoded_scalar_replacements ... ok
test runtime::eval::indexed::full::pattern_prepare::tests::cold_nominal_patterns_keep_original_input_and_tested_declaration_owners ... ok
test runtime::eval::indexed::full::pattern_prepare::tests::cold_nominal_patterns_reject_coupled_same_shape_member_replacements ... ok
test runtime::eval::indexed::full::pattern_prepare::tests::cold_pattern_reads_reject_coupled_same_arm_capture_and_instruction_swaps ... ok
test runtime::eval::indexed::full::pattern_prepare::tests::cold_patterns_reject_coupled_capture_types_removed_proofs_and_wrong_arms ... ok
test runtime::eval::indexed::full::pattern_prepare::tests::cold_patterns_reject_coupled_same_typed_subject_and_application_swaps ... ok
test runtime::eval::indexed::full::pattern_prepare::tests::cold_patterns_reject_missing_caller_and_foreign_qualified_source_owners ... ok
test runtime::eval::indexed::full::pattern_prepare::tests::cold_patterns_reject_same_type_branch_and_identifier_slot_swaps ... ok
test runtime::eval::indexed::full::pattern_prepare::tests::cold_result_patterns_reject_coupled_carrier_and_payload_slot_changes ... ok
test runtime::eval::indexed::full::pattern_prepare::tests::declared_dynamic_list_patterns_preserve_narrowed_capture_and_rest_types_after_frontend_drop ... ok
test runtime::eval::indexed::full::pattern_prepare::tests::ground_builtin_facet_patterns_keep_nominal_alias_capture_types_after_frontend_drop ... ok
test runtime::eval::indexed::full::pattern_prepare::tests::ground_conditional_patterns_keep_captures_inside_the_admitted_branch_after_frontend_drop ... FAILED
test runtime::eval::indexed::full::pattern_prepare::tests::ground_driver_captures_keep_their_actual_step_owner_after_frontend_drop ... ok
test runtime::eval::indexed::full::pattern_prepare::tests::ground_nominal_error_fields_keep_original_member_identity_after_frontend_drop ... ok
test runtime::eval::indexed::full::pattern_prepare::tests::ground_nominal_tag_payloads_keep_canonical_members_and_field_order_after_frontend_drop ... ok
test runtime::eval::indexed::full::pattern_prepare::tests::ground_result_payload_captures_keep_success_and_error_types_after_frontend_drop ... ok
test runtime::eval::indexed::full::pattern_prepare::tests::original_pattern_aliases_execute_after_frontend_disposal_on_both_routes ... ok
test runtime::eval::indexed::full::pattern_prepare::tests::pattern_handles_reject_foreign_roots_and_rewound_serials ... ok
test runtime::eval::indexed::full::pattern_prepare::tests::scoped_pattern_captures_keep_original_caller_binders_after_frontend_drop ... ok
test runtime::eval::indexed::full::pattern_prepare::tests::scoped_pattern_list_captures_preserve_item_and_rest_binders_after_frontend_drop ... ok
test runtime::eval::indexed::full::pattern_prepare::tests::scoped_pattern_list_proofs_reject_other_rigids_and_foreign_callers ... ok
test runtime::eval::indexed::full::pattern_prepare::tests::scoped_pattern_result_captures_preserve_original_success_binder_after_frontend_drop ... FAILED
test runtime::eval::indexed::full::pattern_prepare::tests::unsigned_pattern_captures_preserve_constraints_and_integer_storage ... ok
test runtime::eval::indexed::full::projection_prepare::tests::fixed_record_field_proof_lifetimes_keep_cache_roots_and_retained_storage_owned ... ok
test runtime::eval::indexed::full::projection_prepare::tests::fixed_record_field_proofs_preserve_the_original_generic_scope_for_unrelated_parameters ... ok
test runtime::eval::indexed::full::projection_prepare::tests::fixed_record_field_proofs_reject_coforged_field_slot_and_source_selection ... ok
test runtime::eval::indexed::full::projection_prepare::tests::fixed_record_field_proofs_reject_missing_wrong_slot_domain_and_rewritten_field ... ok
test runtime::eval::indexed::full::projection_prepare::tests::fixed_record_field_proofs_require_original_receiver_producers_and_owned_roots ... ok
test runtime::eval::indexed::full::projection_prepare::tests::native_comparison_sources_preserve_preparation_after_frontend_drop ... FAILED
test runtime::eval::indexed::full::projection_prepare::tests::selected_string_equality_retains_fixed_record_field_operand_proofs_after_frontend_drop ... ok
test runtime::eval::indexed::full::projection_prepare::tests::unrelated_record_spreads_do_not_acquire_fixed_literal_layout_proofs ... ok
test runtime::eval::indexed::full::tests::absence_lookups_execute_nullable_and_integer_slots_after_frontend_drop ... ok
test runtime::eval::indexed::full::tests::accept_policy_operands_are_verified_on_capture_spawn_and_command_rows ... FAILED
test runtime::eval::indexed::full::tests::builtin_templates_execute_checked_calls_after_frontend_drop_on_both_routes ... FAILED
test runtime::eval::indexed::full::tests::cli_command_descriptor_plans_execute_both_indexed_routes ... FAILED
test runtime::eval::indexed::full::tests::cli_descriptor_plans_share_preparation_and_execute_both_indexed_routes ... FAILED
test runtime::eval::indexed::full::tests::compact_driver_executes_effects_after_arena_drop ... ok
test runtime::eval::indexed::full::tests::compact_driver_executes_loaded_module_programs_directly ... ok
test runtime::eval::indexed::full::tests::compact_entry_executes_after_all_frontend_and_adapter_scratch_is_dropped ... FAILED
test runtime::eval::indexed::full::tests::comparison_chain_assertion_reports_only_evaluated_failed_pair_on_both_routes ... ok
test runtime::eval::indexed::full::tests::comparison_chain_verifier_rejects_short_chains_and_non_ordering_pairs ... ok
test runtime::eval::indexed::full::tests::constant_key_projection_preserves_index_and_get_both_routes ... ok
test runtime::eval::indexed::full::tests::context_scope_command_capture_tails_execute_after_frontend_drop_on_both_routes ... FAILED
test runtime::eval::indexed::full::tests::context_scope_dynamic_outer_assignment_is_rejected_on_both_routes ... ok
test runtime::eval::indexed::full::tests::context_scope_escape_walks_long_shared_error_causes_without_a_depth_limit ... ok
test runtime::eval::indexed::full::tests::context_scope_fatal_body_restores_state_on_both_routes ... FAILED
test runtime::eval::indexed::full::tests::context_scope_force_abort_restores_evaluator_state_on_both_routes ... FAILED
test runtime::eval::indexed::full::tests::context_scope_verifies_payload_and_preserves_native_environment_bytes ... ok
test runtime::eval::indexed::full::tests::core_assert_executes_lazy_context_and_preserves_diagnostics_on_both_routes ... ok
test runtime::eval::indexed::full::tests::core_assert_verifier_rejects_invalid_message_presence_and_expression ... ok
test runtime::eval::indexed::full::tests::default_parameter_calls_preserve_both_indexed_execution_routes_after_frontend_drop ... ok
test runtime::eval::indexed::full::tests::default_parameter_verifier_rejects_missing_or_inconsistent_entry_metadata ... ok
test runtime::eval::indexed::full::tests::direct_full_program_preserves_values_output_errors_and_traces ... FAILED
test runtime::eval::indexed::full::tests::direct_scalar_iteration_runs_after_frontend_drop ... FAILED
test runtime::eval::indexed::full::tests::driver_propagated_process_failure_records_process_propagation_and_trace_effects ... ok
test runtime::eval::indexed::full::tests::driver_rejects_non_skippable_unlowered_top_level_statement ... ok
test runtime::eval::indexed::full::tests::driver_verifier_rejects_effect_sync_and_owner_corruption ... ok
test runtime::eval::indexed::full::tests::duration_arithmetic_retains_checked_operands_after_frontend_drop_on_both_routes ... ok
test runtime::eval::indexed::full::tests::empty_map_fold_inference_publishes_concrete_accumulator_types ... ok
test runtime::eval::indexed::full::tests::enum_payload_alias_and_alternation_execute_after_frontend_drop_on_both_routes ... FAILED
test runtime::eval::indexed::full::tests::fs_root_methods_keep_opaque_identity_and_defaults_on_both_indexed_routes ... FAILED
test runtime::eval::indexed::full::tests::full_indexed_layouts_keep_hot_rows_compact ... ok
test runtime::eval::indexed::full::tests::full_indexed_program_represents_every_indexed_fixture_function ... FAILED
test runtime::eval::indexed::full::tests::function_headers_are_decoded_once_per_program ... ok
test runtime::eval::indexed::full::tests::generic_builder_checkpoint_discards_new_roots_and_retires_reused_slots ... ok
test runtime::eval::indexed::full::tests::generic_metadata_is_owned_by_the_encoded_function_and_operation ... ok
test runtime::eval::indexed::full::tests::inferred_require_targets_survive_frontend_drop_on_both_routes ... FAILED
test runtime::eval::indexed::full::tests::lexical_ctx_indexed_execution_preserves_context_order_and_region_spans ... ok
test runtime::eval::indexed::full::tests::list_assignment_verifies_paths_and_executes_both_routes ... FAILED
test runtime::eval::indexed::full::tests::list_patterns_validate_before_publishing_capture_slots ... ok
test runtime::eval::indexed::full::tests::list_splicing_verifies_payload_and_executes_both_indexed_routes ... ok
test runtime::eval::indexed::full::tests::local_collection_inference_publishes_concrete_indexed_call_and_slot_types ... ok
test runtime::eval::indexed::full::tests::locations_preserve_imported_source_identity ... ok
test runtime::eval::indexed::full::tests::loop_iterations_reuse_their_statement_list ... ok
test runtime::eval::indexed::full::tests::map_literals_verify_entry_flags_and_execute_both_indexed_routes ... ok
test runtime::eval::indexed::full::tests::native_path_interpolation_executes_both_indexed_routes ... ok
test runtime::eval::indexed::full::tests::pattern_aliases_and_alternatives_publish_only_complete_capture_sets ... ok
test runtime::eval::indexed::full::tests::pattern_aliases_compact_facts_preserve_captured_subject_and_element_types ... ok
test runtime::eval::indexed::full::tests::prepared_cli_plan_pool_rewinds_with_builder_checkpoint ... FAILED
test runtime::eval::indexed::full::tests::prepared_constant_pool_reuses_data_and_rejects_invalid_values ... ok
test runtime::eval::indexed::full::tests::prepared_regex_pool_rewinds_with_builder_checkpoint ... ok
test runtime::eval::indexed::full::tests::prepared_regex_pool_survives_frontend_and_evaluator_reuse ... ok
test runtime::eval::indexed::full::tests::record_proof_precise_types_and_unreachable_fallback_survive_frontend_drop ... FAILED
test runtime::eval::indexed::full::tests::stage_callable_ordinary_calls_execute_after_frontend_drop_on_both_routes ... FAILED
test runtime::eval::indexed::full::tests::stage_named_configuration_verifies_children_and_executes_both_indexed_routes ... ok
test runtime::eval::indexed::full::tests::tokei_showcase_contains_direct_pure_calls ... FAILED
test runtime::eval::indexed::full::tests::tokei_showcase_contains_scan_bytes_fast_paths ... FAILED
test runtime::eval::indexed::full::tests::tokei_showcase_contains_scan_lines_fast_paths ... FAILED
test runtime::eval::indexed::full::tests::trimmed_else_if_scanner_lowers_to_scan_lines ... FAILED
test runtime::eval::indexed::full::tests::try_capture_verifies_body_ownership_and_preserves_result_data_on_both_routes ... ok
test runtime::eval::indexed::full::tests::typed_cause_indexed_codec_preserves_metadata_and_verifies_optional_child ... ok
test runtime::eval::indexed::full::tests::typed_map_keys_execute_both_indexed_routes ... ok
test runtime::eval::indexed::full::tests::uint_mutation_checks_execute_both_indexed_routes_after_frontend_drop ... FAILED
test runtime::eval::indexed::full::tests::verifier_checks_assertion_children_locations_and_propagation_effects ... ok
test runtime::eval::indexed::full::tests::verifier_checks_pattern_condition_capture_slots_and_branch_returns ... FAILED
test runtime::eval::indexed::full::tests::verifier_checks_with_binding_slots_and_both_branch_returns ... ok
test runtime::eval::indexed::full::tests::verifier_rejects_binding_and_missing_retry_selection_patterns ... FAILED
test runtime::eval::indexed::full::tests::verifier_rejects_block_ownership_and_missing_function_terminators ... FAILED
test runtime::eval::indexed::full::tests::verifier_rejects_cross_function_instruction_ownership ... FAILED
test runtime::eval::indexed::full::tests::verifier_rejects_empty_or_unknown_comprehension_qualifiers ... ok
test runtime::eval::indexed::full::tests::verifier_rejects_empty_record_update_path_and_bad_replacement_reference ... FAILED
test runtime::eval::indexed::full::tests::verifier_rejects_incompatible_alternative_and_alias_capture_slots ... ok
test runtime::eval::indexed::full::tests::verifier_rejects_invalid_list_rest_patterns ... ok
test runtime::eval::indexed::full::tests::verifier_rejects_nested_pattern_cycles_and_missing_children ... FAILED
test runtime::eval::indexed::full::tests::verifier_rejects_slot_pattern_function_stage_and_location_bounds ... FAILED
test runtime::eval::indexed::full::tests::wire_enum_preparation_survives_frontend_drop_and_executes_both_routes ... FAILED
test runtime::eval::indexed::full::tests::yield_delegation_verifies_operands_and_preserves_nominal_error_payload ... ok
test runtime::eval::indexed::full::value_prepare::tests::original_nested_immutable_native_result_binding_survives_frontend_disposal ... FAILED
test runtime::eval::indexed::generic::callable_types::tests::callable_signature_named_only_flag_is_distinct_from_default_and_rest ... ok
test runtime::eval::indexed::generic::callable_types::tests::generic_callable_instance_proof_rejects_signature_metadata_substitution ... ok
test runtime::eval::indexed::generic::callable_types::tests::generic_callable_materialization_preserves_the_complete_signature ... ok
test runtime::eval::indexed::generic::callable_types::tests::generic_callable_materialization_rewinds_failed_children_and_bounds_depth ... ok
test runtime::eval::indexed::generic::callable_types::tests::generic_callable_template_comes_from_the_original_scheme_signature ... ok
test runtime::eval::indexed::generic::iterations::tests::iteration_receipts_reject_foreign_and_rewound_handles_and_count_shared_payloads_once ... ok
test runtime::eval::indexed::generic::tests::concrete_add_witnesses_reject_foreign_signatures_and_erased_repairs ... ok
test runtime::eval::indexed::generic::tests::foreign_retired_and_out_of_range_evidence_cannot_become_valid_by_slot_reuse ... ok
test runtime::eval::indexed::generic::tests::forwarding_precomputes_scoped_edges_and_rejects_missing_or_ambiguous_maps ... ok
test runtime::eval::indexed::generic::tests::identity_evidence_retains_one_scope_for_distinct_payloads_and_fixed_return_plan ... ok
test runtime::eval::indexed::generic::tests::nested_templates_and_any_substitution_cannot_launder_concrete_arguments ... ok
test runtime::eval::indexed::generic::tests::prepared_component_templates_remap_sparse_member_binders_and_reject_siblings ... ok
test runtime::eval::indexed::generic::tests::prepared_record_template_flattens_solved_field_extensions ... ok
test runtime::eval::indexed::generic::tests::projection_uses_constructor_layout_and_rejects_wrong_slot_type_and_owner ... ok
test runtime::eval::indexed::generic::tests::row_tail_substitution_preserves_width_and_explicit_dynamic_fields ... ok
test runtime::eval::indexed::pattern::tests::capture_visibility_uses_actual_nested_arm_ancestry ... ok
test runtime::eval::indexed::semantic::tests::compact_types_render_like_owned_semantic_types ... ok
test runtime::eval::indexed::semantic::tests::equal_types_signatures_and_shapes_share_compact_ids ... ok
test runtime::eval::indexed::semantic::tests::erased_record_and_module_facts_remain_distinct_from_empty_shapes ... ok
test runtime::eval::indexed::semantic::tests::malformed_semantic_ids_and_ranges_are_rejected ... ok
test runtime::eval::indexed::semantic::tests::recovery_types_never_become_executable_facts ... ok
test runtime::eval::indexed::semantic::tests::semantic_rewind_removes_rows_and_canonical_entries ... ok
test runtime::eval::indexed::semantic::tests::typed_map_keys_semantic_pool_retains_both_types_and_rejects_float_keys ... ok
test runtime::eval::lower::argument_binding::tests::saved_finite_record_entries_keep_original_roots_and_projection_reads_after_source_disposal ... ok
test runtime::eval::lower::argument_binding::tests::saved_finite_record_entries_refuse_missing_original_root_or_lexical_owner ... ok
test runtime::eval::lower::argument_binding::tests::saved_named_arguments_keep_original_recipes_and_actual_binding_wrappers_after_source_disposal ... ok
test runtime::eval::lower::call_argument_plan_tests::checked_user_argument_recipes_execute_after_source_arena_disposal ... ok
test runtime::eval::lower::call_argument_plan_tests::direct_module_contract_calls_retain_original_binding_recipes_after_syntax_drop ... ok
test runtime::eval::lower::call_argument_plan_tests::generic_callable_parameter_executes_with_its_original_user_authority_after_disposal ... ok
test runtime::eval::lower::call_argument_plan_tests::ground_user_callable_alias_executes_after_source_and_inference_disposal ... ok
test runtime::eval::lower::call_argument_plan_tests::imported_module_callable_promises_keep_pure_empty_and_proc_unknown_effects ... ok
test runtime::eval::lower::call_argument_plan_tests::missing_original_binding_storage_refuses_the_first_statement_and_function_prefix ... ok
test runtime::eval::lower::call_argument_plan_tests::native_callable_alias_executes_with_its_selected_original_receipt_after_disposal ... FAILED
test runtime::eval::lower::call_argument_plan_tests::original_finite_named_spread_entries_preserve_order_defaults_and_disposal_on_both_routes ... ok
test runtime::eval::lower::call_argument_plan_tests::original_generic_function_parameters_and_results_keep_container_storage ... ok
test runtime::eval::lower::call_argument_plan_tests::original_named_callback_recipes_keep_the_declaration_owned_residual_invocation ... ok
test runtime::eval::lower::call_argument_plan_tests::original_named_spread_lowering_uses_retained_recipes_without_legacy_expansion_type_hints ... ok
test runtime::eval::lower::call_argument_plan_tests::original_record_destructure_leaves_retain_checked_binding_storage ... ok
test runtime::eval::lower::call_argument_plan_tests::typed_callable_call_method_uses_the_original_checked_argument_binding ... ok
test runtime::eval::lower::call_argument_plan_tests::user_call_lowering_requires_the_original_checked_binding_and_sources ... ok
test runtime::eval::lower::callable_binding::tests::original_local_callable_binding_refuses_missing_definition_or_initializer_facts ... ok
test runtime::eval::lower::callable_binding::tests::original_local_callable_bindings_keep_initialization_rows_and_lexical_uses_after_source_disposal ... ok
test runtime::eval::lower::iteration::tests::checked_iteration_domains_and_failure_transport_survive_arena_disposal ... ok
test runtime::eval::lower::iteration::tests::checked_iteration_executes_all_carriers_and_nested_targets_after_arena_disposal ... ok
test runtime::eval::lower::iteration::tests::checked_stream_iteration_keeps_pull_and_cleanup_lazy_after_arena_disposal ... ok
test runtime::eval::lower::iteration::tests::comprehension_iteration_keeps_generator_ordinals_across_filters ... ok
test runtime::eval::lower::iteration::tests::original_comprehension_operations_cannot_be_reconstructed_from_expression_types ... ok
test runtime::eval::lower::iteration::tests::original_for_operation_cannot_be_reconstructed_from_expression_types ... ok
test runtime::eval::lower::iteration::tests::original_list_item_binding_transport_keeps_loop_and_read_authority_after_arena_disposal ... ok
test runtime::eval::lower::iteration::tests::original_list_item_native_operand_executes_on_both_routes_after_frontend_drop ... ok
test runtime::eval::lower::iteration::tests::original_list_item_uses_follow_nested_loops_and_restore_after_local_shadows ... ok
test runtime::eval::lower::iteration::tests::original_yield_delegation_operation_cannot_be_reconstructed_from_expression_types ... ok
test runtime::eval::lower::operation_binding_tests::selected_method_binding_cannot_be_reconstructed_when_source_proof_is_missing ... ok
test runtime::eval::lower::pattern_transport_tests::original_alternative_pattern_captures_keep_slots_and_uses_after_arena_disposal ... ok
test runtime::eval::lower::pattern_transport_tests::original_pattern_capture_reads_survive_local_shadowing_and_scalar_specialization ... ok
test runtime::eval::lower::pattern_transport_tests::original_slot_only_payload_patterns_keep_each_checked_capture_identity ... ok
test runtime::eval::lower::solved_lowering_tests::solved_lowering_collection_retains_precise_fixed_producer_result ... ok
test runtime::eval::lower::solved_lowering_tests::solved_lowering_identity_preserves_unit_optional_and_nested_result_payloads ... ok
test runtime::eval::lower::solved_lowering_tests::solved_lowering_root_record_assignment_and_shadow_preserve_current_values ... ok
test runtime::eval::lower::solved_lowering_tests::solved_lowering_root_record_bindings_keep_prepared_projection_layouts ... ok
test runtime::eval::lower::solved_lowering_tests::solved_lowering_root_record_storage_survives_reentry_and_retires_dead_backing ... ok
test runtime::eval::lower::solved_lowering_tests::solved_lowering_self_recursion_forwards_its_prepared_declaration_instance ... ok
test runtime::eval::lower::solved_lowering_tests::solved_lowering_string_add_uses_direct_and_forwarded_prepared_evidence ... ok
test runtime::eval::lower::solved_lowering_tests::solved_lowering_written_result_wraps_only_bare_completion_paths ... ok
test runtime::eval::lower::storage::tests::checked_callable_storage_covers_all_choice_arms_without_selecting_a_signature ... ok
test runtime::eval::lower::storage::tests::checked_ground_storage_keeps_exact_unsigned_and_nominal_roots ... ok
test runtime::eval::lower::storage::tests::checked_nested_storage_preserves_container_shells_and_authorized_rigid_scopes ... ok
test runtime::eval::lower::storage::tests::checked_storage_refuses_missing_foreign_unresolved_and_recovery_endpoints ... ok
test runtime::eval::lower::storage::tests::original_checked_source_endpoints_project_after_arena_disposal_without_new_checking ... ok
test runtime::eval::lower::value_binding::tests::original_nested_native_result_value_binding_keeps_its_initialization_after_source_disposal ... FAILED
test runtime::eval::lower::value_binding::tests::original_value_binding_refuses_missing_definition_or_initializer_facts ... FAILED
test runtime::eval::lower::value_binding::tests::original_value_bindings_restore_record_authority_after_mutable_and_callable_shadows ... FAILED
test runtime::eval::lowered_ops::assertion_detail_tests::assertion_record_vec_details_bound_field_names ... ok
test runtime::eval::lowered_ops::record_update_tests::record_update_detaches_shared_ancestors_and_retains_untouched_storage ... ok
test runtime::eval::lowered_ops::slice_tests::nested_text_and_byte_slices_retain_immutable_backing_storage ... ok
test runtime::eval::lowered_run::fs_root_identity_tests::opaque_fs_root_identity_rejects_records_and_foreign_evaluator_owners ... ok
test runtime::eval::lowered_run::generic_run::tests::declaration_return_plan_preserves_false_and_nested_results ... ok
test runtime::eval::lowered_run::generic_run::tests::prepared_integer_add_preserves_checked_overflow ... ok
test runtime::eval::lowered_run::generic_run::tests::prepared_operation_rejects_other_supported_domains_instead_of_reselecting ... ok
test runtime::eval::lowered_run::generic_run::tests::projection_reads_distinct_physical_slots_and_shares_container_payloads ... ok
test runtime::eval::lowered_run::indexed_run::explicit_run::tests::callable_template_tests::prepared_forwarded_callback_invocation_keeps_rebased_requirement_ancestry ... ok
test runtime::eval::lowered_run::indexed_run::explicit_run::tests::callable_template_tests::prepared_generic_callback_invocation_keeps_independent_signatures_after_frontend_drop ... ok
test runtime::eval::lowered_run::indexed_run::explicit_run::tests::callable_template_tests::prepared_scoped_callback_uses_original_named_order_and_handle_defaults ... FAILED
test runtime::eval::lowered_run::indexed_run::explicit_run::tests::prepared_callable_frame_entry_retains_its_creation_environment_for_defaults ... ok
test runtime::eval::lowered_run::indexed_run::explicit_run::tests::prepared_callable_frame_omission_evaluates_the_default_in_its_creation_environment ... ok
test runtime::eval::lowered_run::indexed_run::explicit_run::tests::prepared_callable_frame_uses_original_capture_and_default_despite_caller_shadowing ... ok
test runtime::eval::lowered_run::indexed_run::explicit_run::tests::prepared_captured_callable_frame_uses_its_original_default_on_both_runtime_routes ... ok
test runtime::eval::lowered_run::indexed_run::explicit_run::tests::prepared_generic_frame_argument_propagation_stops_later_arguments_and_runs_cleanup ... ok
test runtime::eval::lowered_run::indexed_run::explicit_run::tests::prepared_generic_frame_call_evidence_survives_effectful_arguments_and_reentry ... ok
test runtime::eval::lowered_run::indexed_run::explicit_run::tests::prepared_generic_frame_constructor_preserves_witnessed_stats_shaped_storage ... ok
test runtime::eval::lowered_run::indexed_run::explicit_run::tests::prepared_generic_frame_returned_err_payload_does_not_hide_defer_failure ... ok
test runtime::eval::lowered_run::indexed_run::tests::assignment_path_copies_only_shared_ancestors ... ok
test runtime::eval::lowered_run::indexed_run::tests::assignment_path_reuses_unique_storage_and_preserves_aliases ... ok
test runtime::eval::lowered_run::indexed_run::tests::both_call_routes_agree_on_the_same_public_program ... FAILED
test runtime::eval::lowered_run::indexed_run::tests::checked_preparation_executes_after_its_solved_bundle_is_dropped ... ok
test runtime::eval::lowered_run::indexed_run::tests::checked_preparation_preserves_existing_check_failure ... ok
test runtime::eval::lowered_run::indexed_run::tests::direct_indexed_function_executes_without_decoding_its_body ... FAILED
test runtime::eval::lowered_run::indexed_run::tests::fixed_record_string_field_projection_executes_its_ground_proof_after_frontend_disposal_on_both_routes ... ok
test runtime::eval::lowered_run::indexed_run::tests::generic_identity_rows_and_add_use_shared_bodies_after_frontend_drop ... ok
test runtime::eval::lowered_run::indexed_run::tests::generic_named_stage_invocation_uses_checked_evidence_after_frontend_drop ... ok
test runtime::eval::lowered_run::indexed_run::tests::generic_stage_defaults_run_per_item_and_skip_an_empty_source ... ok
test runtime::eval::lowered_run::indexed_run::tests::generic_stage_preparation_preserves_frozen_counters_and_releases_solved_types ... ok
test runtime::eval::lowered_run::indexed_run::tests::generic_text_add_and_forwarding_use_prepared_witnesses_after_frontend_drop ... ok
test runtime::eval::lowered_run::indexed_run::tests::inferred_record_constructors_keep_concrete_facts_after_frontend_drop ... ok
test runtime::eval::lowered_run::indexed_run::tests::module_reuse_tests::imported_generic_diamond_shares_qualified_bodies_after_frontend_drop ... ok
test runtime::eval::lowered_run::indexed_run::tests::module_reuse_tests::independently_changed_dependency_produces_a_fresh_bundle_without_retraining_prepared_code ... ok
test runtime::eval::lowered_run::indexed_run::tests::module_reuse_tests::nested_imports_and_root_shadowing_keep_private_capture_owners ... ok
test runtime::eval::lowered_run::indexed_run::tests::module_reuse_tests::private_module_captures_keep_their_original_namespace_after_frontend_drop ... ok
test runtime::eval::lowered_run::indexed_run::tests::module_reuse_tests::real_module_keys_preserve_private_nominal_owners_and_reject_cross_module_values ... ok
test runtime::eval::lowered_run::indexed_run::tests::native_result_carrier_executes_prepared_authority_after_frontend_disposal_on_both_routes ... ok
test runtime::eval::lowered_run::indexed_run::tests::omitted_argument_tests::callable_alias_method_omissions_keep_prepared_defaults_after_frontend_drop ... FAILED
test runtime::eval::lowered_run::indexed_run::tests::omitted_argument_tests::frame_interior_omission_executes_the_declaration_expression_once_after_supplied_arguments ... ok
test runtime::eval::lowered_run::indexed_run::tests::omitted_argument_tests::omitted_defaults_keep_outer_dependencies_and_distinguish_supplied_null ... ok
test runtime::eval::lowered_run::indexed_run::tests::omitted_argument_tests::omitted_expression_default_propagation_runs_cleanup_and_skips_later_defaults ... FAILED
test runtime::eval::lowered_run::indexed_run::tests::omitted_argument_tests::omitted_stream_defaults_wait_for_first_pull_and_supplied_arguments_remain_eager ... ok
test runtime::eval::lowered_run::indexed_run::tests::omitted_argument_tests::recursive_interior_omission_executes_the_declaration_expression_once_after_supplied_arguments ... ok
test runtime::eval::lowered_run::indexed_run::tests::parametric_records_keep_concrete_schemas_in_both_call_routes ... ok
test runtime::eval::lowered_run::indexed_run::tests::recursive_cleanup_classifies_returned_errors_by_declared_channel ... ok
test runtime::eval::lowered_run::indexed_run::tests::recursive_component_calls_keep_member_evidence_in_both_routes ... ok
test runtime::eval::lowered_run::indexed_run::tests::unused_generic_forwarders_prepare_definition_owned_requirements ... ok
test runtime::eval::lowered_run::indexed_run::tests::unused_generic_row_extensions_keep_all_projection_obligations ... ok
test runtime::eval::lowered_run::record_binding_tests::record_binding_selects_all_fields_before_writing_any_slot ... ok
test runtime::eval::lowered_run::scalar_cursor_tests::scalar_cursor_preserves_string_and_byte_view_bounds ... ok
test runtime::eval::lowered_run::scalar_cursor_tests::scalar_cursor_retains_one_source_and_builds_only_reached_views ... ok
test runtime::eval::modules::auth::tests::des_is_unsupported ... ok
test runtime::eval::modules::auth::tests::verify_self_hash ... ok
test runtime::eval::modules::crypt::tests::md5_openssl_vector ... ok
test runtime::eval::modules::crypt::tests::sha256_drepper_vector ... ok
test runtime::eval::modules::crypt::tests::sha512_drepper_vector ... ok
test runtime::eval::net_job::tests::runtime_snapshot_counts_completed_mock_jobs_without_starting_a_driver ... ok
test runtime::process::tests::accepted_exit_codes_validate_bounds_and_keep_actual_status ... ok
test runtime::process::tests::capture_allows_explicit_stdout_redirection ... ok
test runtime::process::tests::child_dup_follows_the_childs_own_redirections ... ok
test runtime::process::tests::managed_cancel_reaps_process_group_child ... ok
test runtime::process::tests::raw_wait_status_distinguishes_exit_signal_and_stop ... ok
test runtime::process::tests::setpgid_race_filter_covers_exec_and_exit_races ... ok
test runtime::run::tests::missing_target_returns_run_error_value_and_process_end ... ok
test runtime::text_bytes::tests::count_lines_bytes_matches_str_count ... ok
test runtime::text_bytes::tests::count_lines_matches_std ... ok
test runtime::text_bytes::tests::find_bytes_matches_str_find ... ok
test runtime::text_bytes::tests::trim_bytes_matches_str_trim_on_utf8 ... ok
test runtime::value::error_cause::tests::typed_cause_long_shared_chains_clone_compare_and_drop_without_recursion ... ok
test runtime::value::error_cause::tests::typed_cause_preserves_original_span_context_and_full_process_status ... ok
test runtime::value::resource_values::tests::resource_reachable_values_follow_error_payloads_and_process_causes ... ok
test runtime::value::resource_values::tests::resource_reachable_values_walk_long_shared_causes_once_without_recursion ... ok
test runtime::value::tests::dynamic_record_shapes_are_reclaimed_after_each_owner_drops ... ok
test runtime::value::tests::extending_a_record_uses_the_dynamic_path ... ok
test runtime::value::tests::preloaded_record_shapes_remain_interned_after_records_drop ... ok
test runtime::value::tests::record_maps_intern_sorted_shapes_and_keep_dense_fields_on_mutation ... ok
test runtime::value::tests::runtime_errors_cache_compact_family_and_variant_names ... ok
test runtime::value::tests::runtime_errors_own_dynamic_names_without_an_active_symbol_owner ... ok
test runtime::value::tests::shaped_records_support_name_lookup ... ok
test runtime::value::tests::value_layout_stays_within_the_compact_runtime_budget ... ok
test runtime_stats::tests::json_keeps_script_output_separate_from_measurement ... ok
test runtime_stats::tests::worker_stats_sum_thread_local_traffic ... ok
test sema::builtin_templates::tests::concrete_inert_receiver_domains_do_not_become_fresh_holes ... ok
test sema::builtin_templates::tests::discarded_unit_context_does_not_invent_an_empty_map_domain ... ok
test sema::builtin_templates::tests::dynamic_list_receiver_cannot_acquire_a_concrete_item_proof ... ok
test sema::builtin_templates::tests::explicit_dynamic_value_domain_anchors_an_empty_map ... ok
test sema::builtin_templates::tests::map_empty_occurrences_have_independent_key_and_value_parameters ... ok
test sema::builtin_templates::tests::nested_result_and_nominal_error_domains_survive_receiver_instantiation ... ok
test sema::builtin_templates::tests::success_expectation_preserves_a_declared_result_envelope ... ok
test sema::builtin_templates::tests::wider_destinations_preserve_concrete_builtin_result_domains ... ok
test sema::check::argument_recipe_tests::checked_argument_recipes_keep_original_spread_entries_and_dynamic_branch_indices ... ok
test sema::check::call_contract_source_tests::forwarded_defaults_keep_definition_owned_producers_separate_from_supplied_values ... ok
test sema::check::call_contract_source_tests::forwarded_result_constructors_preserve_nominal_error_joins_and_nested_values ... ok
test sema::check::call_contract_source_tests::forwarded_result_constructors_retain_nested_success_and_data_error_profiles ... ok
test sema::check::call_contract_source_tests::generic_error_capture_preserves_data_error_producers_through_forwarding ... ok
test sema::check::call_contract_source_tests::generic_result_propagation_retains_its_original_operand_and_local_error_port ... ok
test sema::check::call_contract_source_tests::guarded_value_controls_keep_their_original_checked_relationships ... ok
test sema::check::call_contract_source_tests::module_contract_projected_aliases_keep_their_source_caller_and_written_promises ... ok
test sema::check::call_contract_source_tests::qualified_module_calls_keep_exact_declaration_owners_after_ast_disposal ... ok
test sema::check::call_contract_source_tests::result_constructor_arguments_keep_their_reached_creation_effects ... ok
test sema::check::command_operation::tests::source_display_commands_keep_each_scalar_domain_and_word_fragment_requirement ... ok
test sema::check::command_operation::tests::source_display_commands_reject_non_scalar_instances_and_disconnected_requirements ... ok
test sema::check::command_operation::tests::source_display_commands_retain_forwarded_definition_owned_requirements ... ok
test sema::check::constructor_application::tests::frozen_constructor_application_rejects_changed_slot_default_and_argument_proof ... ok
test sema::check::constructor_application::tests::frozen_constructor_application_rejects_equal_signature_member_substitution ... ok
test sema::check::constructor_application::tests::frozen_constructor_application_rejects_same_bundle_phantom_application_substitution ... ok
test sema::check::constructor_application::tests::retained_constructor_plan_capacities_are_accounted ... ok
test sema::check::constructor_application::tests::source_constructor_application_finishes_shared_null_empty_and_nested_fields_before_publication ... ok
test sema::check::constructor_application::tests::source_constructor_application_keeps_generic_binders_phantoms_and_caller_order ... ok
test sema::check::constructor_application::tests::source_constructor_application_preserves_imported_alias_and_default_owner ... ok
test sema::check::constructor_application::tests::source_constructor_application_publishes_prepared_nested_calls_and_shared_defaults ... ok
test sema::check::constructor_application::tests::source_constructor_application_rejects_shared_contradictions_and_unanchored_parameters ... ok
test sema::check::constructor_application::tests::source_constructor_application_retains_default_plan_after_syntax_drop ... ok
test sema::check::constructor_application::tests::source_constructor_application_retains_nominal_payload_members_and_prepared_values ... ok
test sema::check::constructor_application::tests::source_constructor_application_retains_original_spread_fields_and_directional_proofs ... ok
test sema::check::constructor_application::tests::source_constructor_forwarding_keeps_nominal_members_and_reached_argument_permissions ... ok
test sema::check::constructor_application::tests::source_record_constructor_defaults_add_no_permissions_and_keep_reached_arguments ... ok
test sema::check::constructor_application::tests::source_tag_constructor_keeps_distinct_positional_payload_slots ... ok
test sema::check::dependency::tests::commands_and_pipeline_callbacks_visit_only_structural_expression_children ... ok
test sema::check::dependency::tests::comprehension_clauses_bind_after_each_iterable_and_do_not_escape ... ok
test sema::check::dependency::tests::defaults_read_outer_names_while_parameters_shadow_body_references ... ok
test sema::check::dependency::tests::initializers_precede_shadowing_and_record_labels_are_not_reads ... ok
test sema::check::dependency::tests::leaving_nested_scopes_restores_value_and_namespace_references ... ok
test sema::check::dependency::tests::loop_with_and_guard_bindings_keep_initializer_and_failure_scopes_separate ... ok
test sema::check::dependency::tests::namespace_lookups_preserve_foreign_canonical_source_identity ... ok
test sema::check::dependency::tests::pattern_captures_are_local_to_the_selected_arm_and_loop_body ... ok
test sema::check::dependency::tests::qualified_aliases_resolve_canonical_ids_only_without_lexical_shadowing ... ok
test sema::check::equality_operation_tests::equality_keeps_distinct_imported_nominal_owners_with_equal_member_names ... ok
test sema::check::equality_operation_tests::equality_operand_permissions_remain_independent_of_the_operator ... ok
test sema::check::equality_operation_tests::generalized_equality_rejects_container_and_nominal_contract_mismatches ... ok
test sema::check::equality_operation_tests::generalized_equality_source_domains_keep_exact_authority_after_frontend_disposal ... ok
test sema::check::expr::arena_tests::builder_and_structured_pipeline_are_native ... ok
test sema::check::expr::arena_tests::call_constructors_and_unresolved_names ... ok
test sema::check::expr::arena_tests::call_error_variant_constructor ... ok
test sema::check::expr::arena_tests::call_method_dispatch_and_path_constructor_method ... ok
test sema::check::expr::arena_tests::call_module_apis_and_static_introspection ... ok
test sema::check::expr::arena_tests::comprehensions ... ok
test sema::check::expr::arena_tests::field_index_slice_env ... ok
test sema::check::expr::arena_tests::fmt_string_and_display ... ok
test sema::check::expr::arena_tests::if_expr_and_try_and_require ... ok
test sema::check::expr::arena_tests::list_and_record ... ok
test sema::check::expr::arena_tests::literals_and_arithmetic ... ok
test sema::check::expr::arena_tests::match_expr_and_patterns ... ok
test sema::check::expr::arena_tests::run_spawn_wait_are_native ... ok
test sema::check::expr::arena_tests::stmt_bare_loop_statement ... ok
test sema::check::expr::arena_tests::stmt_commands_and_tail_bare_ident ... ok
test sema::check::expr::arena_tests::stmt_control_flow ... ok
test sema::check::expr::arena_tests::stmt_declarations ... ok
test sema::check::expr::arena_tests::stmt_function_and_signal_hook_declarations ... ok
test sema::check::expr::arena_tests::stmt_let_var_assign ... ok
test sema::check::expr::arena_tests::stmt_loop_and_retry_bodies_use_native_block_checking ... ok
test sema::check::expr::arena_tests::stmt_return_yield_defer_break_continue_expr ... ok
test sema::check::expr::arena_tests::unresolved_name_reports_identically ... ok
test sema::check::generic_tests::annotated_equivalents_publish_the_same_graph_operations ... ok
test sema::check::generic_tests::callable_storage_preserves_monomorphic_slots_and_returned_signatures ... ok
test sema::check::generic_tests::callable_value_generation_uses_the_declaring_scope_before_source_order ... ok
test sema::check::generic_tests::callers_cannot_train_missing_fields_or_add_domains ... ok
test sema::check::generic_tests::captured_producer_effect_diagnostic_retains_known_cleanup_bits ... ok
test sema::check::generic_tests::captured_producer_iteration_requires_both_pull_and_cleanup_permissions ... ok
test sema::check::generic_tests::captured_producers_retain_permissions_inside_immutable_aggregates ... ok
test sema::check::generic_tests::cli_entry_declaration_retains_the_same_solved_header_and_body_owner ... ok
test sema::check::generic_tests::computed_callable_signatures_keep_finite_effect_unions ... ok
test sema::check::generic_tests::computed_callable_values_keep_definition_inferred_effect_unions ... ok
test sema::check::generic_tests::computed_callable_values_preserve_the_checked_parameter_contract ... ok
test sema::check::generic_tests::computed_map_literals_retain_definition_owned_key_eligibility ... ok
test sema::check::generic_tests::conditional_user_callables_keep_each_original_binding_and_default_plan ... ok
test sema::check::generic_tests::conditional_user_dynamic_splices_keep_each_callable_kind_and_creation_budget ... ok
test sema::check::generic_tests::conditional_user_dynamic_splices_keep_original_sources_and_branch_rest_defaults ... ok
test sema::check::generic_tests::declaration_effects_and_prepared_facts_come_from_one_source_check_pass ... ok
test sema::check::generic_tests::default_only_headers_publish_definition_owned_schemes ... ok
test sema::check::generic_tests::dynamic_producer_arguments_join_possible_items_and_conditional_defaults ... ok
test sema::check::generic_tests::empty_map_record_fields_share_registry_and_declaration_constraints ... ok
test sema::check::generic_tests::erased_container_literal_scope_keeps_mutable_capture_monomorphic ... ok
test sema::check::generic_tests::erased_map_assignment_retains_inert_empty_container_source_scope ... ok
test sema::check::generic_tests::explicit_producer_validation_preserves_known_source_handle_permissions ... ok
test sema::check::generic_tests::explicit_registry_schema_validation_retains_its_original_dynamic_input ... ok
test sema::check::generic_tests::formal_producer_consumption_retains_fresh_per_call_permission_ports ... ok
test sema::check::generic_tests::forwarding_preserves_row_and_operation_requirements ... ok
test sema::check::generic_tests::generalized_direct_yield_retains_the_non_stream_item_guard ... ok
test sema::check::generic_tests::generic_display_strings_retain_child_display_eligibility ... ok
test sema::check::generic_tests::generic_non_tail_value_requires_explicit_discard ... ok
test sema::check::generic_tests::graph_callable_arguments_keep_dynamic_data_validation_boundaries ... ok
test sema::check::generic_tests::ground_addition_settles_before_ordinary_method_consumption ... ok
test sema::check::generic_tests::identity_definition_is_independent_of_callers ... ok
test sema::check::generic_tests::immutable_callable_aggregates_retain_principal_value_schemes ... ok
test sema::check::generic_tests::immutable_empty_binding_schemes_instantiate_independently_of_alias_use_order ... ok
test sema::check::generic_tests::independent_conditional_branches_preserve_checked_unsigned_result_domains ... ok
test sema::check::generic_tests::indexed_producer_value_retains_the_selected_collection_payload_profile ... ok
test sema::check::generic_tests::inert_error_constructor_preserves_the_err_success_value_scheme ... ok
test sema::check::generic_tests::inert_error_propagation_does_not_invent_a_success_value ... ok
test sema::check::generic_tests::local_empty_collection_constraints_publish_one_declaration_graph ... ok
test sema::check::generic_tests::local_nullable_conditionals_keep_the_concrete_payload_type_in_both_orders ... ok
test sema::check::generic_tests::native_test_declarations_publish_the_fixed_statement_consumer_contract ... ok
test sema::check::generic_tests::nested_graph_boundary_uses_resolved_field_types_before_rejecting_dynamic_data ... ok
test sema::check::generic_tests::nominal_graph_facts_retain_the_registered_declaration_identity ... FAILED
test sema::check::generic_tests::nullable_conditional_payloads_remain_principal_and_do_not_nest_optional_layers ... ok
test sema::check::generic_tests::nullable_conditional_producers_keep_the_original_optional_payload_permissions ... ok
test sema::check::generic_tests::omitted_bool_and_quantified_tails_have_fixed_value_elaboration ... ok
test sema::check::generic_tests::omitted_callback_invocation_keeps_a_definition_owned_residual_contract ... ok
test sema::check::generic_tests::omitted_callback_invocation_preserves_each_callers_effect_instance ... ok
test sema::check::generic_tests::omitted_callback_invocation_rejects_payload_kind_and_effect_mismatches ... ok
test sema::check::generic_tests::omitted_callback_scheme_is_unchanged_by_caller_order_and_domains ... ok
test sema::check::generic_tests::omitted_unit_completions_publish_statement_consumption_after_solving ... ok
test sema::check::generic_tests::open_projection_retains_actual_record_layout_per_call ... ok
test sema::check::generic_tests::ordinary_callable_producer_origins_keep_the_checked_reference_instance ... ok
test sema::check::generic_tests::polymorphic_identity_preserves_an_explicit_dynamic_argument_without_validation ... ok
test sema::check::generic_tests::producer_authored_item_contract_owns_omitted_parameters ... ok
test sema::check::generic_tests::producer_flow_generation_retains_distinct_formal_values_after_type_unification ... ok
test sema::check::generic_tests::producer_item_contract_is_solved_from_yields_before_caller_instantiation ... ok
test sema::check::generic_tests::propagated_result_success_retains_its_producer_profile ... ok
test sema::check::generic_tests::record_arguments_keep_literal_constructor_facts_before_binding ... ok
test sema::check::generic_tests::record_constructor_arguments_retain_nested_producer_permissions ... ok
test sema::check::generic_tests::record_constructor_named_spread_checks_the_original_value_once ... ok
test sema::check::generic_tests::recursive_branch_tails_share_the_definition_relationship ... ok
test sema::check::generic_tests::recursive_callable_selection_keeps_symbolic_effect_dependencies ... ok
test sema::check::generic_tests::recursive_component_forwards_each_called_operation_requirement ... ok
test sema::check::generic_tests::recursive_component_generalizes_after_all_definition_constraints ... ok
test sema::check::generic_tests::registry_collection_transfers_preserve_nested_producer_permissions ... ok
test sema::check::generic_tests::registry_result_context_cannot_validate_dynamic_json_data ... ok
test sema::check::generic_tests::result_constructors_retain_original_payloads_and_canonical_arity ... ok
test sema::check::generic_tests::result_wrapper_is_chosen_before_payload_instantiation ... ok
test sema::check::generic_tests::retained_source_facts_count_declaration_requirement_capacity ... ok
test sema::check::generic_tests::retry_capture_retains_a_masked_source_effect_relationship ... ok
test sema::check::generic_tests::retry_completion_keeps_producer_wrapping_fixed_before_instantiation ... ok
test sema::check::generic_tests::sealed_add_is_instantiated_without_rechecking_body ... ok
test sema::check::generic_tests::self_recursion_forwards_its_declaration_binders ... ok
test sema::check::generic_tests::source_call_producer_arguments_follow_expanded_named_binding ... ok
test sema::check::generic_tests::source_call_producer_rest_splice_retains_the_original_list_before_packing ... ok
test sema::check::generic_tests::source_list_and_rest_splices_preserve_one_item_producer_path ... ok
test sema::check::generic_tests::source_mutable_producer_versions_preserve_immutable_alias_snapshots ... ok
test sema::check::generic_tests::source_producer_creation_and_latent_permissions_publish_separate_roots ... ok
test sema::check::generic_tests::source_producer_identity_preserves_nested_profiles_through_a_projected_alias ... ok
test sema::check::generic_tests::source_range_constructor_checks_bounds_and_argument_effects ... ok
test sema::check::generic_tests::source_splice_bindings_retain_original_list_and_runtime_guards ... ok
test sema::check::generic_tests::symbolic_callable_join_generalizes_at_its_initializer_level ... ok
test sema::check::generic_tests::transparent_aliases_retain_the_original_definition_scheme ... ok
test sema::check::generic_tests::unique_builtin_method_constrains_the_definition_receiver ... ok
test sema::check::generic_tests::written_result_normalizes_each_completion_before_generalization ... ok
test sema::check::generic_tests::written_result_payload_selects_wrapping_at_the_declaration ... ok
test sema::check::generic_tests::yielded_records_retain_nested_producer_permissions_as_item_data ... ok
test sema::check::iteration_operation::tests::comprehension_outputs_retain_nested_producer_permissions ... ok
test sema::check::iteration_operation::tests::generalized_comprehension_keeps_all_iterable_item_relationships ... ok
test sema::check::iteration_operation::tests::generalized_comprehension_qualifiers_keep_distinct_source_values ... ok
test sema::check::iteration_operation::tests::generalized_delegation_retains_independent_pull_and_cancellation_permissions ... ok
test sema::check::iteration_operation::tests::generalized_iteration_direct_stream_permission_control ... ok
test sema::check::iteration_operation::tests::generalized_iteration_forwards_each_canonical_receiver_domain ... ok
test sema::check::iteration_operation::tests::generalized_iteration_item_bindings_retain_nested_producer_profiles ... ok
test sema::check::iteration_operation::tests::generalized_iteration_keeps_fresh_pull_cleanup_and_projected_permissions ... ok
test sema::check::iteration_operation::tests::generalized_iteration_map_destructuring_keeps_key_value_relationships ... ok
test sema::check::iteration_operation::tests::generalized_iteration_rejects_a_noniterable_forwarded_receiver ... ok
test sema::check::iteration_operation::tests::generalized_map_comprehension_keeps_key_eligibility_and_value_relationships ... ok
test sema::check::iteration_operation::tests::generalized_yield_delegation_keeps_list_and_stream_item_relationships ... ok
test sema::check::iteration_operation::tests::generic_iteration_keeps_written_data_returns_out_of_band ... ok
test sema::check::iteration_operation::tests::generic_iteration_local_capture_joins_errors_and_preserves_permission_bounds ... ok
test sema::check::iteration_operation::tests::generic_iteration_local_capture_requires_context_for_an_unobserved_error_type ... ok
test sema::check::iteration_operation::tests::generic_iteration_local_capture_uses_its_own_error_port ... ok
test sema::check::iteration_operation::tests::generic_iteration_uses_a_fixed_result_boundary_for_outer_materialized_sources ... ok
test sema::check::iteration_operation::tests::generic_result_list_iteration_retains_its_source_operation_and_error_permission ... ok
test sema::check::iteration_operation::tests::iteration_reuses_original_receiver_endpoints_for_statements_and_comprehensions ... ok
test sema::check::iteration_operation::tests::list_delegation_keeps_reached_operand_creation_permissions ... ok
test sema::check::iteration_operation::tests::materialized_iteration_keeps_operand_creation_permissions_separate_from_consumption ... ok
test sema::check::iteration_operation::tests::unresolved_iteration_does_not_train_lexical_result_completion_from_callers ... ok
test sema::check::language_operation::tests::comparison_chains_and_fallbacks_retain_definition_owned_operation_facts ... ok
test sema::check::language_operation::tests::constant_key_indexing_preserves_callables_and_exact_producer_permissions ... ok
test sema::check::language_operation::tests::generalized_arithmetic_covers_every_finite_domain_and_call_order ... ok
test sema::check::language_operation::tests::generalized_arithmetic_uses_definition_owned_sealed_operation_requirements ... ok
test sema::check::language_operation::tests::generalized_boolean_negation_preserves_bool_and_status_domains ... ok
test sema::check::language_operation::tests::generalized_constant_key_indexing_retains_record_and_map_relationships ... ok
test sema::check::language_operation::tests::generalized_index_and_slice_keep_element_relationships_and_domain_requirements ... ok
test sema::check::language_operation::tests::generalized_map_construction_retains_all_key_guards_and_value_relationships ... ok
test sema::check::language_operation::tests::generalized_membership_covers_every_receiver_and_map_key_domain ... ok
test sema::check::language_operation::tests::generalized_membership_forwards_each_container_domain_and_rejects_mismatched_items ... ok
test sema::check::language_operation::tests::generalized_negation_preserves_distinct_integer_and_float_instances ... ok
test sema::check::language_operation::tests::generalized_ordering_covers_all_operators_and_scalar_domains ... ok
test sema::check::module_projection::tests::module_projection_carriers_keep_original_export_proofs_after_syntax_drop ... ok
test sema::check::native_callable_tests::native_and_user_callable_conditionals_preserve_guards_in_both_orders ... ok
test sema::check::native_callable_tests::native_and_user_producer_conditionals_preserve_permissions_in_both_orders ... ok
test sema::check::native_callable_tests::native_callable_list_projection_preserves_guards_and_producer_permissions ... ok
test sema::check::native_callable_tests::native_callback_parameter_cannot_acquire_independent_polymorphic_results ... ok
test sema::check::native_callable_tests::native_json_callable_checks_each_original_actual_before_declared_erasure ... ok
test sema::check::native_callable_tests::native_json_callable_retains_guards_through_fields_parameters_and_returns ... ok
test sema::check::native_callable_tests::native_json_callable_retains_supplied_and_default_parameter_masks ... ok
test sema::check::native_callable_tests::native_producer_callable_forwarding_checks_later_consumer_permissions ... ok
test sema::check::native_callable_tests::native_producer_callable_reference_creation_has_no_execution_permissions ... ok
test sema::check::native_callable_tests::native_producer_callable_result_keeps_exact_projected_pull_and_cleanup ... ok
test sema::check::native_callable_tests::native_reference_publication_rejects_removed_or_replaced_authority ... ok
test sema::check::native_callable_tests::native_stage_callback_alias_retains_original_json_guards ... ok
test sema::check::native_callable_tests::native_stage_callback_result_preserves_nested_producer_roles ... ok
test sema::check::native_callable_tests::native_stage_choice_selects_the_one_item_member_and_retains_its_roles ... ok
test sema::check::native_callable_tests::native_stage_conditional_hash_choice_keeps_each_original_kind_and_effect ... ok
test sema::check::native_callable_tests::native_stage_mixed_kind_choice_keeps_both_protocols_until_actual_selection ... ok
test sema::check::native_callable_tests::stage_conditional_user_callbacks_keep_branch_kinds_and_aggregate_proc_permissions ... ok
test sema::check::native_command_tests::native_command_callable_chooses_one_original_domain_after_forwarding ... ok
test sema::check::native_command_tests::native_command_callable_keeps_explicit_path_optional_argument_types ... ok
test sema::check::native_command_tests::native_command_callable_rejects_wrong_actual_domains_and_binding_shapes ... ok
test sema::check::native_command_tests::native_command_callable_retains_mixed_literal_children_and_dynamic_admission ... ok
test sema::check::native_command_tests::native_command_callable_retains_required_and_omitted_stdin_alternatives ... ok
test sema::check::native_command_tests::native_command_captured_factory_retains_pending_original_argument_guards ... ok
test sema::check::native_family_tests::native_executable_family_keeps_mode_pure_and_path_effectful_results ... ok
test sema::check::native_family_tests::native_hash_family_retains_each_argument_kind_result_and_permission ... ok
test sema::check::native_family_tests::native_json_get_family_retains_fallback_dependent_result_and_original_args ... ok
test sema::check::native_family_tests::native_process_family_retains_zero_and_one_argument_producer_members ... ok
test sema::check::nominal_member_plan::tests::checked_nominal_member_cold_receipts_reject_member_owner_and_payload_replacement ... ok
test sema::check::nominal_member_plan::tests::checked_nominal_member_imported_error_input_preserves_original_family_owner ... ok
test sema::check::nominal_member_plan::tests::checked_nominal_member_invalid_fields_do_not_publish_successful_payload_authority ... ok
test sema::check::nominal_member_plan::tests::checked_nominal_member_namespace_and_import_alias_keep_original_declaration_owner ... ok
test sema::check::nominal_member_plan::tests::checked_nominal_member_pattern_owner_ports_reject_same_graph_substitution_and_deletion ... ok
test sema::check::nominal_member_plan::tests::checked_nominal_member_retains_registered_builtins_without_source_declarations ... ok
test sema::check::nominal_member_plan::tests::checked_nominal_member_same_spelled_families_remain_distinct_between_modules ... ok
test sema::check::nominal_member_plan::tests::checked_nominal_member_shared_payload_is_accounted_and_foreign_roots_cannot_replace_it ... ok
test sema::check::nominal_member_plan::tests::checked_nominal_member_source_ledger_obeys_the_shared_node_budget ... ok
test sema::check::nominal_member_plan::tests::checked_nominal_member_unused_declarations_survive_frontend_drop ... ok
test sema::check::operation_catalog::tests::source_catalog_refuses_metadata_from_another_candidate ... ok
test sema::check::operation_catalog::tests::source_operation_authorities_survive_frontend_disposal_with_exact_owner ... ok
test sema::check::pattern_plan::tests::checked_pattern_aliases_and_reordered_alternatives_survive_frontend_drop ... ok
test sema::check::pattern_plan::tests::checked_pattern_aliases_compare_resolved_types_without_copying_child_captures ... ok
test sema::check::pattern_plan::tests::checked_pattern_decisions_retain_checked_payloads_and_narrowed_captures ... ok
test sema::check::pattern_plan::tests::checked_pattern_equal_source_ids_do_not_authorize_foreign_graph_types ... ok
test sema::check::pattern_plan::tests::checked_pattern_generic_capture_stays_owned_by_its_declaration_scheme ... ok
test sema::check::pattern_plan::tests::checked_pattern_imported_namespace_owns_original_patterns_and_nominal_types ... ok
test sema::check::pattern_plan::tests::checked_pattern_invalid_alternative_does_not_publish_successful_join_authority ... ok
test sema::check::pattern_plan::tests::checked_pattern_join_rejects_capture_forged_from_another_alternative_child ... ok
test sema::check::pattern_plan::tests::checked_pattern_literal_keeps_prepared_scalar_without_ast_or_reanalysis ... ok
test sema::check::pattern_plan::tests::checked_pattern_original_shapes_survive_frontend_drop_and_refuse_cold_replacement ... ok
test sema::check::pattern_plan::tests::checked_pattern_original_source_ledger_uses_the_shared_node_budget ... ok
test sema::check::pattern_plan::tests::checked_pattern_principal_subject_preserves_original_value_scope_after_frontend_drop ... ok
test sema::check::pattern_plan::tests::checked_pattern_result_capture_preserves_inferred_return_and_shadowing ... ok
test sema::check::pattern_plan::tests::checked_pattern_source_receipt_is_shared_readonly_and_payload_copies_are_accounted ... ok
test sema::check::pattern_plan::tests::checked_pattern_tag_members_keep_original_definition_owner_through_module_aliases ... ok
test sema::check::pattern_plan::tests::checked_pattern_unavailable_dynamic_children_preserve_source_acceptance ... ok
test sema::check::producer::tests::producer_flow_edges_reject_foreign_graph_nodes ... ok
test sema::check::producer::tests::producer_flow_nodes_share_the_type_graph_resource_limit ... ok
test sema::check::producer_eval::tests::aggregate_parameter_paths_distinguish_output_position_from_formal_projection ... ok
test sema::check::producer_eval::tests::aggregate_projection_keeps_uncertainty_at_its_exact_path ... ok
test sema::check::producer_eval::tests::conditional_user_producers_use_each_branch_default_plan_and_exact_origin ... ok
test sema::check::producer_eval::tests::dynamic_splice_preserves_item_permissions_and_conditional_defaults ... ok
test sema::check::producer_eval::tests::exact_parameter_slots_transfer_equal_typed_distinct_producers ... ok
test sema::check::producer_eval::tests::flow_evaluation_rejects_foreign_owners_and_charges_its_work ... ok
test sema::check::producer_eval::tests::generic_callback_invocations_use_each_exact_instance_default_plan ... ok
test sema::check::producer_eval::tests::long_alias_chains_use_a_charged_worklist_instead_of_the_host_stack ... ok
test sema::check::producer_eval::tests::missing_declaration_results_and_binding_evidence_remain_pending ... ok
test sema::check::producer_eval::tests::multiple_alias_roots_share_the_dependency_worklist ... ok
test sema::check::producer_eval::tests::native_family_producer_uses_selected_member_ports_and_original_invocation_mask ... ok
test sema::check::producer_eval::tests::native_producer_uses_checked_roles_and_rejects_an_unrelated_same_candidate_value ... ok
test sema::check::producer_eval::tests::operation_transfer_uses_the_call_instance_and_exact_input_projection ... ok
test sema::check::producer_eval::tests::pending_items_do_not_make_a_materialized_container_root_pending ... ok
test sema::check::producer_eval::tests::published_formal_effects_substitute_by_exact_binder_in_each_call ... ok
test sema::check::producer_eval::tests::record_update_excludes_overwritten_formal_and_opaque_subtrees ... ok
test sema::check::producer_eval::tests::record_update_exclusions_do_not_hide_an_unchanged_uncertain_alternative ... ok
test sema::check::producer_eval::tests::record_update_replaces_profiles_without_changing_the_base ... ok
test sema::check::producer_eval::tests::recursive_declaration_results_reach_a_shared_monotone_fixed_point ... ok
test sema::check::producer_eval::tests::rest_packing_and_ordered_defaults_transfer_real_source_values ... ok
test sema::check::producer_eval::tests::returned_callable_uses_its_exact_captured_parameter_environment ... ok
test sema::check::producer_eval::tests::symbolic_parameter_projection_preserves_formal_paths_through_a_call ... ok
test sema::check::record_update::tests::generic_record_updates_preserve_complete_rows_through_forwarding ... ok
test sema::check::record_update::tests::generic_record_updates_reject_changed_fields_missing_paths_and_overlaps ... ok
test sema::check::record_update::tests::generic_record_updates_replace_only_selected_producer_subtrees ... ok
test sema::check::record_update::tests::generic_record_updates_retain_disjoint_paths_nominals_and_lexical_versions ... ok
test sema::check::registry_boundaries::tests::published_native_reference_rejects_changed_substitutions_and_missing_guards ... ok
test sema::check::registry_boundaries::tests::source_all_cli_descriptor_candidates_keep_their_checked_plan_authority ... ok
test sema::check::registry_boundaries::tests::source_all_json_boundary_calls_retain_actual_eligibility_and_permissions ... ok
test sema::check::registry_boundaries::tests::source_builtin_error_constructor_retains_its_canonical_payload_authority ... ok
test sema::check::registry_boundaries::tests::source_builtin_error_named_spreads_keep_original_record_fields ... ok
test sema::check::registry_boundaries::tests::source_cli_descriptor_retains_the_prepared_boundary_without_changing_the_candidate ... ok
test sema::check::registry_boundaries::tests::source_command_argv_children_keep_guards_through_generic_forwarding ... ok
test sema::check::registry_boundaries::tests::source_dynamic_cli_commands_preserve_the_declared_result_carrier ... ok
test sema::check::registry_boundaries::tests::source_error_fail_keeps_pure_construction_and_captured_callable_kind ... ok
test sema::check::registry_boundaries::tests::source_every_builtin_error_variant_retains_its_declaring_authority ... ok
test sema::check::registry_boundaries::tests::source_every_builtin_schema_retains_explicit_validation_authority ... ok
test sema::check::registry_boundaries::tests::source_every_registered_module_retains_its_canonical_operation_authority ... ok
test sema::check::registry_boundaries::tests::source_hash_algorithm_alias_keeps_the_written_selector_and_canonical_slot ... ok
test sema::check::registry_boundaries::tests::source_hash_reference_requires_its_algorithm_binding_authority ... ok
test sema::check::registry_boundaries::tests::source_json_eligibility_is_retained_through_generic_forwarding ... ok
test sema::check::registry_boundaries::tests::source_native_descriptor_references_require_their_original_preparation_plans ... ok
test sema::check::registry_boundaries::tests::source_native_ground_families_keep_data_domains_and_creation_permissions ... ok
test sema::check::registry_boundaries::tests::source_native_reference_aliases_keep_fresh_schema_guards ... ok
test sema::check::registry_boundaries::tests::source_native_references_keep_independent_aliases_and_execution_permissions ... ok
test sema::check::registry_boundaries::tests::source_native_singleton_json_guards_keep_actual_values_and_execution_permissions ... ok
test sema::check::registry_boundaries::tests::source_native_singleton_protocols_retain_all_canonical_runtime_contracts ... ok
test sema::check::registry_boundaries::tests::source_process_command_argv_retains_original_types_and_native_authority ... ok
test sema::check::registry_boundaries::tests::source_registry_named_spreads_keep_original_field_arguments ... ok
test sema::check::registry_boundaries::tests::source_user_and_contextual_schema_validation_retains_independent_input ... ok
test sema::check::run_operation::tests::published_run_arguments_reject_changed_conversion_modes ... ok
test sema::check::run_operation::tests::source_plain_run_value_and_command_keep_distinct_consumption_contracts ... ok
test sema::check::run_operation::tests::source_run_and_spawn_preserve_process_permissions_and_reject_invalid_plans ... ok
test sema::check::run_operation::tests::source_run_forwarded_arguments_retain_native_argv_guards ... ok
test sema::check::run_operation::tests::source_run_observations_retain_all_eight_canonical_operations ... ok
test sema::check::run_operation::tests::source_run_producer_binding_preserves_live_and_materialized_permissions ... ok
test sema::check::run_operation::tests::source_run_splice_and_embedded_conversions_keep_original_guard_modes ... ok
test sema::check::run_operation::tests::source_run_stream_policy_keeps_creation_pull_and_cleanup_distinct ... ok
test sema::check::run_operation::tests::source_spawn_retains_command_and_single_run_authorities ... ok
test sema::check::schema_validation::tests::frozen_schema_validation_rejects_changed_input_target_and_foreign_phantom_arguments ... ok
test sema::check::schema_validation::tests::frozen_schema_validation_rejects_same_bundle_phantom_application_substitution ... ok
test sema::check::schema_validation::tests::retained_schema_phantom_argument_capacity_is_accounted ... ok
test sema::check::schema_validation::tests::source_schema_validation_keeps_erased_empty_input_fields_independent ... ok
test sema::check::schema_validation::tests::source_schema_validation_preserves_generic_input_without_training_from_callers ... ok
test sema::check::schema_validation::tests::source_schema_validation_qualifies_imported_private_application_owners ... ok
test sema::check::schema_validation::tests::source_schema_validation_retains_composite_phantom_uint_and_wire_contracts ... ok
test sema::check::solved::argument_source_tests::argument_recipe_validation_rejects_reordered_shared_and_foreign_sources_after_frontend_drop ... ok
test sema::check::solved::argument_source_tests::invocation_recipe_modes_and_missing_call_recipes_reject_after_frontend_drop ... ok
test sema::check::solved::tests::producer_flow_publication_rejects_missing_source_facts ... ok
test sema::check::solved::tests::producer_profile_publication_rejects_foreign_effect_handles ... ok
test sema::check::source_language_contract_tests::source_boolean_consumers_keep_fixed_operand_types_and_permissions ... ok
test sema::check::source_language_contract_tests::source_cli_descriptors_keep_original_boundary_and_static_plan_after_frontend_disposal ... ok
test sema::check::source_language_contract_tests::source_context_scopes_keep_fixed_input_result_and_permission_contracts_after_frontend_disposal ... ok
test sema::check::source_language_contract_tests::source_direct_assignment_keeps_a_monomorphic_slot_and_definition_owned_value_relationship ... ok
test sema::check::source_language_contract_tests::source_direct_yield_retains_original_eligibility_and_cold_caller_receipts ... ok
test sema::check::source_language_contract_tests::source_dynamic_pipeline_refuses_erased_outer_shape_but_preserves_typed_dynamic_items ... ok
test sema::check::source_language_contract_tests::source_environment_path_membership_charges_only_the_reached_lookup_permission ... ok
test sema::check::source_language_contract_tests::source_erased_callable_calls_keep_fixed_result_envelopes_and_opaque_effects ... ok
test sema::check::source_language_contract_tests::source_explicit_dynamic_boundaries_keep_closed_any_contracts_without_desired_type_training ... ok
test sema::check::source_language_contract_tests::source_fallback_forwards_optional_and_result_relationships_with_exact_authority ... ok
test sema::check::source_language_contract_tests::source_negation_forwards_integer_float_and_unsigned_guards_without_caller_training ... ok
test sema::check::source_language_contract_tests::source_optional_postfix_retains_original_lifted_contracts_and_reached_bound_permissions ... ok
test sema::check::source_language_contract_tests::source_pattern_predicates_keep_fixed_result_and_dynamic_input_contracts_after_frontend_disposal ... ok
test sema::check::source_language_contract_tests::source_record_literals_keep_independent_field_relationships_and_producer_paths ... ok
test sema::check::source_language_contract_tests::source_slices_forward_each_container_and_keep_latent_item_permissions ... ok
test sema::check::source_permission_contract_tests::arithmetic_each_domain_retains_original_receipts_and_reached_operand_permissions ... ok
test sema::check::source_permission_contract_tests::assertion_refusals_keep_fixed_condition_message_and_error_permission_contracts ... ok
test sema::check::source_permission_contract_tests::assignment_each_domain_keeps_monomorphic_storage_and_reached_operand_permissions ... ok
test sema::check::source_permission_contract_tests::each_map_key_domain_retains_original_eligibility_and_reached_key_and_value_permissions ... ok
test sema::check::source_permission_contract_tests::each_process_stream_mode_keeps_live_pull_and_close_authority_separate_from_creation ... ok
test sema::check::source_permission_contract_tests::each_run_mode_forwards_argv_eligibility_without_generalizing_its_fixed_syntax ... ok
test sema::check::source_permission_contract_tests::each_run_mode_keeps_process_and_propagation_permissions_and_argv_refusals ... ok
test sema::check::source_permission_contract_tests::each_slice_domain_retains_original_authority_and_reached_receiver_and_bound_permissions ... ok
test sema::check::source_permission_contract_tests::each_static_cli_descriptor_keeps_reached_argv_permissions_and_its_original_plan ... ok
test sema::check::source_permission_contract_tests::each_unary_domain_retains_original_authority_and_reached_operand_permissions ... ok
test sema::check::source_permission_contract_tests::every_explicit_dynamic_binary_variant_keeps_fixed_results_and_operand_permissions ... ok
test sema::check::source_permission_contract_tests::explicit_dynamic_get_keeps_opaque_effects_and_erased_record_get_keeps_its_checked_envelope ... ok
test sema::check::source_permission_contract_tests::explicit_dynamic_projection_operands_keep_each_reached_permission ... ok
test sema::check::source_permission_contract_tests::explicit_dynamic_projections_keep_original_source_ledgers_and_closed_cold_results ... ok
test sema::check::source_permission_contract_tests::fixed_path_construction_keeps_reached_argument_permissions_and_refuses_other_domains ... ok
test sema::check::source_permission_contract_tests::forwarded_optional_index_and_slice_keep_generic_items_inside_a_source_known_optional_shape ... ok
test sema::check::source_permission_contract_tests::forwarded_pattern_presence_keeps_an_independent_input_inside_a_known_optional_shape ... ok
test sema::check::source_permission_contract_tests::greater_comparisons_keep_each_ordered_domain_and_reached_operand_permissions ... ok
test sema::check::source_permission_contract_tests::list_addition_and_compound_storage_retain_item_pull_and_cleanup_permissions ... ok
test sema::check::source_permission_contract_tests::list_and_every_map_key_index_keep_receiver_and_key_permissions_after_frontend_disposal ... ok
test sema::check::source_permission_contract_tests::list_literals_forward_one_item_relationship_without_widening_and_keep_item_permissions ... ok
test sema::check::source_permission_contract_tests::membership_each_receiver_and_key_domain_retains_operand_permissions_and_cold_authority ... ok
test sema::check::source_permission_contract_tests::named_stage_descriptors_keep_callback_permissions_and_reached_receiver_permissions ... ok
test sema::check::source_permission_contract_tests::plain_context_commands_keep_statement_roles_finite_permissions_and_scalar_arguments ... ok
test sema::check::source_permission_contract_tests::pure_dynamic_get_cannot_hide_its_opaque_effect_contract ... ok
test sema::check::stage_operation::tests::adapters_zip_and_fold_retain_canonical_source_relationships ... ok
test sema::check::stage_operation::tests::chained_stages_keep_pending_item_data_separate_from_their_root_permissions ... ok
test sema::check::stage_operation::tests::collect_source_forms_keep_configuration_arity_diagnostics ... ok
test sema::check::stage_operation::tests::finite_stage_spread_recipes_keep_their_original_parameter_destinations ... ok
test sema::check::stage_operation::tests::flat_map_propagates_result_failure_without_erasing_its_item_type ... ok
test sema::check::stage_operation::tests::forwarded_flat_map_callback_carriers_keep_projected_pull_and_cleanup_roles ... ok
test sema::check::stage_operation::tests::forwarded_stage_families_keep_input_pull_and_cleanup_permissions ... ok
test sema::check::stage_operation::tests::generalized_flat_map_list_callbacks_preserve_dormant_item_permissions ... ok
test sema::check::stage_operation::tests::generalized_forwarded_stage_families_select_each_actual_sequence_carrier ... ok
test sema::check::stage_operation::tests::generalized_named_stage_preserves_independent_item_relationships ... ok
test sema::check::stage_operation::tests::generalized_result_sequence_block_callback_keeps_nested_item_permissions ... ok
test sema::check::stage_operation::tests::generalized_result_sequence_keeps_nested_item_producer_permissions ... ok
test sema::check::stage_operation::tests::generalized_result_sequence_named_callback_keeps_nested_item_permissions ... ok
test sema::check::stage_operation::tests::generalized_stage_rejects_incompatible_callback_item ... ok
test sema::check::stage_operation::tests::generalized_stages_keep_root_and_result_producer_permissions_separate ... ok
test sema::check::stage_operation::tests::generalized_zip_preserves_each_input_item_independently ... ok
test sema::check::stage_operation::tests::json_line_dynamic_integer_sum_preserves_the_runtime_item_check ... ok
test sema::check::stage_operation::tests::json_line_stage_callbacks_preserve_the_known_dynamic_item_contract ... ok
test sema::check::stage_operation::tests::materialized_stage_items_keep_their_dormant_producer_permissions ... ok
test sema::check::stage_operation::tests::named_stage_callback_effects_are_consumed_at_materialization ... ok
test sema::check::stage_operation::tests::named_stage_callbacks_retain_each_original_instance_certificate ... ok
test sema::check::stage_operation::tests::named_stage_invocation_keeps_declared_labels_and_per_item_defaults ... ok
test sema::check::stage_operation::tests::registered_named_callback_keeps_its_operation_certificate ... ok
test sema::check::stage_operation::tests::sort_stage_keys_keep_their_eligibility_diagnostic_after_callback_checking ... ok
test sema::check::stage_operation::tests::source_count_keys_keep_their_existing_eligibility_diagnostic ... ok
test sema::check::stage_operation::tests::source_inline_stage_callbacks_keep_their_pure_callable_domain ... ok
test sema::check::stage_operation::tests::source_named_stage_callbacks_keep_callable_domain_and_reject_wrong_arity ... ok
test sema::check::stage_operation::tests::source_stage_callback_and_configuration_variants_retain_exact_metadata ... ok
test sema::check::stage_operation::tests::source_stage_callback_domains_and_static_flags_reject_invalid_shapes ... ok
test sema::check::stage_operation::tests::source_stage_families_reject_receivers_outside_their_catalog_domain ... ok
test sema::check::stage_operation::tests::source_stage_families_retain_selected_authority_and_reject_extra_configuration ... ok
test sema::check::stage_operation::tests::source_unit_stage_descriptors_reject_value_returning_callables ... ok
test sema::check::stage_operation::tests::stage_block_projection_generalizes_its_original_source_relationship ... ok
test sema::check::stage_operation::tests::stage_configuration_binding_keeps_written_argument_order ... ok
test sema::check::stage_operation::tests::stage_configuration_recipes_preserve_spreads_and_original_descriptor_gaps ... ok
test sema::check::stage_operation::tests::static_reduction_modes_retain_literal_record_spread_values ... ok
test sema::check::stage_operation::tests::table_sink_retains_only_executed_source_permissions ... ok
test sema::check::stage_operation::tests::terminal_result_stage_preserves_its_projected_stream_permissions ... ok
test sema::check::stage_operation::tests::typed_stage_domains_demand_only_their_canonical_producer_location ... ok
test sema::check::standard_operation::tests::source_every_registered_method_retains_its_canonical_operation_authority ... ok
test sema::check::standard_operation::tests::source_materialized_line_collectors_keep_independent_receiver_candidates ... ok
test sema::check::standard_operation::tests::source_method_argument_retains_the_receiver_schema_application ... ok
test sema::check::standard_operation::tests::source_native_method_keeps_creation_and_producer_permissions_separate ... ok
test sema::check::standard_operation::tests::source_path_literal_coercion_retains_the_original_argument_type ... ok
test sema::check::standard_operation::tests::source_propagated_record_field_collect_keeps_the_selected_producer_budget ... ok
test sema::check::standard_operation::tests::source_record_get_retains_the_checked_field_value_flow ... ok
test sema::check::standard_operation::tests::source_result_context_rejects_arguments_outside_the_registered_contract ... ok
test sema::check::standard_operation::tests::source_standard_method_retains_receiver_item_result_through_forwarding ... ok
test sema::check::types::tests::retry_return_preserves_written_enclosing_result_and_nested_results ... ok
test sema::check::wait_operation::tests::source_wait_ground_candidates_keep_exact_results_and_process_permissions ... ok
test sema::check::wait_operation::tests::source_wait_rejects_wrong_domains_and_restricted_effects_before_execution ... ok
test sema::check::wait_operation::tests::source_wait_retains_forwarded_handle_list_and_explicit_erased_contracts ... ok
test sema::constants::constant_scope_index_tests::constant_scope_index_bounds_nested_lookup_work ... ok
test sema::constants::constant_scope_index_tests::constant_scope_index_bounds_workspace_lookup_work ... ok
test sema::constants::constant_scope_index_tests::constant_scope_index_preserves_containment_identity_and_strict_parents ... ok
test sema::constants::constant_scope_index_tests::prepared_constants_check_unreachable_declarations_in_configured_sources ... ok
test sema::constants::constant_scope_index_tests::prepared_constants_keep_only_configured_workspace_sources ... ok
test sema::constants::instance_tests::record_constructor_prototypes_do_not_enter_the_concrete_instance_cache ... ok
test sema::constants::instance_tests::record_schema_instances_share_canonical_resolved_arguments ... ok
test sema::constraints::tests::aliases_share_one_solution_and_conflicts_retain_source_contributions ... ok
test sema::constraints::tests::authoritative_dynamic_destination_accepts_concrete_contributions ... ok
test sema::constraints::tests::checked_annotations_can_choose_types_that_ordinary_evidence_cannot_anchor ... ok
test sema::constraints::tests::container_record_width_cannot_bypass_invariance_during_substitution ... ok
test sema::constraints::tests::dynamic_values_cannot_satisfy_resolved_concrete_constraints ... ok
test sema::constraints::tests::nested_conflicts_roll_back_earlier_variable_bindings ... ok
test sema::constraints::tests::nested_dynamic_and_recovery_operands_do_not_establish_contracts ... ok
test sema::constraints::tests::optional_evidence_and_reversed_alias_order_have_canonical_solutions ... ok
test sema::constraints::tests::optional_record_contributions_keep_one_shape_in_either_order ... ok
test sema::constraints::tests::probes_keep_existing_aliases_but_new_variables_cannot_cross_problems ... ok
test sema::inference::applications::tests::application_ledger_preserves_the_complete_original_source_certificate ... ok
test sema::inference::applications::tests::application_ledger_publication_respects_path_depth_and_shared_work_budget ... ok
test sema::inference::applications::tests::application_ledger_requires_original_argument_graph_and_scheme_ownership ... ok
test sema::inference::applications::tests::application_ledger_retained_storage_accounts_both_paths_and_original_arguments ... ok
test sema::inference::error_joins::tests::a_declared_bound_does_not_ground_independent_pending_error_inputs ... ok
test sema::inference::error_joins::tests::a_single_failure_retains_data_identity_and_rejects_an_unrelated_bound ... ok
test sema::inference::error_joins::tests::nominal_error_joins_preserve_family_and_disjoint_failure_identity ... ok
test sema::inference::finalized::error_join_publication_tests::error_join_publication_replays_calculated_result_and_directional_bound_receipt ... ok
test sema::inference::finalized::error_join_publication_tests::independent_symbolic_error_inputs_remain_scoped_residual_publication_obligations ... ok
test sema::inference::finalized::publication_tests::cached_alias_suffix_preserves_the_substitution_depth_guard ... ok
test sema::inference::finalized::publication_tests::candidate_failure_receipts_preserve_direction_scope_and_reason ... ok
test sema::inference::finalized::publication_tests::candidate_instances_preserve_open_rows_effect_roots_and_declared_erasure ... ok
test sema::inference::finalized::publication_tests::candidate_output_roots_do_not_authorize_foreign_effect_binders ... ok
test sema::inference::finalized::publication_tests::candidate_signature_publication_checks_each_declared_parameter_property ... ok
test sema::inference::finalized::publication_tests::dynamic_invocation_publication_replays_the_exact_structural_binding ... ok
test sema::inference::finalized::publication_tests::external_effect_roots_reject_a_sibling_scheme_binder ... ok
test sema::inference::finalized::publication_tests::frozen_scheme_effect_endpoints_and_variable_bindings_are_closed ... ok
test sema::inference::finalized::publication_tests::native_instance_receipts_preserve_all_substitutions_and_immediate_origins ... ok
test sema::inference::finalized::publication_tests::publication_enforces_its_work_budget ... ok
test sema::inference::finalized::publication_tests::publication_refuses_a_candidate_signature_that_is_not_its_call_certificate ... ok
test sema::inference::finalized::publication_tests::repeated_source_requirement_roots_share_the_certificate_walk ... ok
test sema::inference::finalized::publication_tests::requirement_origin_handles_are_provenance_without_scope_authority ... ok
test sema::inference::finalized::publication_tests::shared_publication_roots_charge_only_one_graph_walk ... ok
test sema::inference::finalized::publication_tests::shared_subgraphs_do_not_hide_a_deeper_path ... ok
test sema::inference::finalized::publication_tests::source_invocation_publication_rejects_altered_binding_and_timing_evidence ... ok
test sema::inference::finalized::publication_tests::source_requirement_roots_validate_the_exact_member_scope ... ok
test sema::inference::native::conditional_effect_tests::conditional_callback_protocol_reports_the_original_operation_permission_failure ... ok
test sema::inference::native::conditional_kind_tests::conditional_protocol_kind_comes_from_every_selected_branch ... ok
test sema::inference::native::conditional_tests::conditional_invocation_keeps_each_dynamic_range_default_and_origin ... ok
test sema::inference::native::tests::callback_protocol_invokes_original_callable_choice_with_real_binding ... ok
test sema::inference::native::tests::callback_protocol_keeps_actual_defaults_rest_and_exact_kind_contracts ... ok
test sema::inference::native::tests::callback_protocol_publication_rejects_altered_formal_slot_receipt ... ok
test sema::inference::native::tests::canonical_map_empty_native_value_is_monomorphic_and_outer_instances_are_fresh ... ok
test sema::inference::native::tests::captured_uniform_native_family_replays_original_children_through_outer_scheme ... ok
test sema::inference::native::tests::failed_native_allocation_rewinds_contracts_and_keeps_attempted_work_charged ... ok
test sema::inference::native::tests::family_outer_copies_share_one_replacement_and_retire_trial_handles ... ok
test sema::inference::native::tests::family_pending_inputs_are_not_trained_and_bytes_stdin_uses_required_member ... ok
test sema::inference::native::tests::family_publication_rejects_forged_envelope_and_missing_correlated_member ... ok
test sema::inference::native::tests::hash_callable_choices_keep_actual_labels_results_and_permission_domains ... ok
test sema::inference::native::tests::json_callable_choice_uses_original_arity_instead_of_inventing_a_fallback_default ... ok
test sema::inference::native::tests::native_command_family_keeps_one_choice_and_original_argument_domains ... ok
test sema::inference::native::tests::native_declared_erasure_keeps_original_container_leaf_until_guard_discharge ... ok
test sema::inference::native::tests::native_external_effect_roots_freshen_without_losing_scope_or_bounds ... ok
test sema::inference::native::tests::native_invocation_uses_original_actuals_and_mono_signature_without_instantiation ... ok
test sema::inference::native::tests::native_user_join_preserves_alternatives_and_original_effect_summaries ... ok
test sema::inference::native::tests::native_value_retains_one_monomorphic_instance_and_retires_rolled_back_handles ... ok
test sema::inference::native::tests::pending_effect_choice_keeps_computed_effect_symbolic_and_fresh_per_outer_call ... ok
test sema::inference::native::tests::producer_callable_choices_preserve_zero_and_one_argument_member_contracts ... ok
test sema::inference::native::tests::publication_rejects_native_child_output_ports_that_do_not_belong_to_its_monotype ... ok
test sema::inference::native::tests::repeated_conditional_family_authority_keeps_its_member_tuples_once ... ok
test sema::inference::reference::production_matches_captured_open_row_aliases ... ok
test sema::inference::reference::production_matches_environment_escape_through_substitutions_and_capture ... ok
test sema::inference::reference::production_matches_failed_probe_isolation_and_retired_handles ... ok
test sema::inference::reference::production_matches_generated_rank_one_schemes_with_captured_variables ... ok
test sema::inference::reference::production_matches_immutable_alias_of_a_monomorphic_binding ... ok
test sema::inference::reference::production_matches_independent_generated_equations_and_permutations ... ok
test sema::inference::reference::production_matches_quantified_open_rows_and_residual_lacks ... ok
test sema::inference::reference::production_matches_rank_one_freshening_and_monomorphic_aliases ... ok
test sema::inference::reference::reference_environment_escape_tracks_metas_reachable_through_substitution ... ok
test sema::inference::reference::reference_failed_probe_retires_variables_and_restores_substitutions ... ok
test sema::inference::reference::reference_failed_row_probe_restores_lacks_and_common_field_bindings ... ok
test sema::inference::reference::reference_generated_equations_preserve_principal_relationships_under_permutation ... ok
test sema::inference::reference::reference_scheme_instantiation_freshens_rows_and_preserves_lacks ... ok
test sema::inference::reference::reference_substitution_preserves_captured_metas_and_row_lacks ... ok
test sema::inference::reference::reference_substitution_rejects_cross_kind_recursive_equations ... ok
test sema::inference::reference::reference_value_restriction_keeps_mutable_and_expansive_aliases_monomorphic ... ok
test sema::inference::tests::abstract_operation_keeps_finite_family_without_ground_certificate ... ok
test sema::inference::tests::abstract_operation_trials_preserve_latent_effect_bounds ... ok
test sema::inference::tests::abstract_operation_trials_preserve_row_masks ... ok
test sema::inference::tests::arrow_assignment_preserves_explicit_effect_upper_bound_and_kind ... ok
test sema::inference::tests::audit_accumulated_lacks_obey_row_label_limit ... ok
test sema::inference::tests::audit_foreign_effect_is_rejected_before_unknown_erasure ... ok
test sema::inference::tests::audit_latent_effect_scheme_instances_are_independent ... ok
test sema::inference::tests::audit_unrelated_rigid_requirement_cannot_attach_to_ground_scheme ... ok
test sema::inference::tests::audit_watcher_dispatch_is_charged_even_in_failed_probe ... ok
test sema::inference::tests::bounded_views_preserve_ground_contracts_and_refuse_unresolved_erasure ... ok
test sema::inference::tests::calculated_capture_edges_are_bounded_and_failed_propagation_is_rewound ... ok
test sema::inference::tests::calculated_upper_worklist_handles_cycles_without_sealing_latent_inputs ... ok
test sema::inference::tests::callable_invocation_binding_uses_actual_defaults_rest_and_splice_shape ... ok
test sema::inference::tests::callable_invocation_concrete_effect_equation_discharges_before_ground_caller_generalization ... ok
test sema::inference::tests::callable_invocation_effect_outputs_are_fresh_and_stream_defaults_stay_lazy ... ok
test sema::inference::tests::callable_invocation_failed_binding_and_effect_proofs_rewind_partial_constraints ... ok
test sema::inference::tests::callable_invocation_named_arguments_retain_their_label_requirement ... ok
test sema::inference::tests::callable_invocation_payload_handles_retire_after_trials_and_keep_reason_provenance ... ok
test sema::inference::tests::callable_invocation_positional_calls_keep_actual_labels_and_independent_instances ... ok
test sema::inference::tests::callable_invocation_pure_domain_has_empty_computed_effects_before_shape_is_known ... ok
test sema::inference::tests::callable_invocation_rejects_proc_in_pure_context_and_wrong_operand_without_training ... ok
test sema::inference::tests::callable_invocation_scoped_schemes_and_ground_binding_proofs_freeze_together ... ok
test sema::inference::tests::candidate_trial_rewinds_success_and_retires_its_allocations ... ok
test sema::inference::tests::captured_and_expansive_bindings_do_not_generalize ... ok
test sema::inference::tests::captured_bounded_effect_plus_fixed_part_seals_to_its_exact_finite_union ... ok
test sema::inference::tests::captured_calculated_inputs_wake_operation_dependents_without_losing_provenance ... ok
test sema::inference::tests::captured_effect_inputs_respect_downstream_bounds_in_both_insertion_orders ... ok
test sema::inference::tests::captured_partial_upper_union_stays_symbolic_with_an_exact_derived_bound ... ok
test sema::inference::tests::captured_rigid_effects_form_calculated_unions_without_equality_aliases ... ok
test sema::inference::tests::checked_error_and_display_predicates_preserve_their_finite_domains ... ok
test sema::inference::tests::command_expansion_accepts_only_scalar_items_or_one_list_layer ... ok
test sema::inference::tests::command_expansion_counts_the_list_child_depth_and_work ... ok
test sema::inference::tests::command_expansion_stays_pending_and_freshens_without_argument_shape_training ... ok
test sema::inference::tests::component_lexical_capture_requires_exact_authorized_outer_bindings ... ok
test sema::inference::tests::component_member_scope_rejects_sibling_only_binders_and_maps_sparse_indices ... ok
test sema::inference::tests::component_records_captured_meta_identity_before_enclosing_generalization ... ok
test sema::inference::tests::component_schemes_retain_reachable_sibling_obligations_and_hidden_outputs ... ok
test sema::inference::tests::component_value_restriction_lowers_shared_variables_before_any_generalization ... ok
test sema::inference::tests::constraint_reasons_survive_success_and_rewind_failed_trials ... ok
test sema::inference::tests::declaration_facts_retain_rigid_identity_and_publication_rejects_ground_escape ... ok
test sema::inference::tests::declared_container_erasure_preserves_actual_meta_and_rechecks_its_known_items ... ok
test sema::inference::tests::derived_effects_seal_only_without_latent_input_relationships ... ok
test sema::inference::tests::derived_operation_effects_wait_for_type_dependent_candidate_selection ... ok
test sema::inference::tests::dynamic_binding_acceptance_matches_bounded_concrete_splice_expansion ... ok
test sema::inference::tests::dynamic_invocation_planning_has_a_shared_hard_work_bound ... ok
test sema::inference::tests::dynamic_invocation_segments_preserve_named_order_defaults_and_rest_destinations ... ok
test sema::inference::tests::dynamic_splice_checks_every_reachable_fixed_type_and_rewinds_partial_bindings ... ok
test sema::inference::tests::effect_identity_aliases_preserve_fresh_scheme_ports_and_rewind_failed_probes ... ok
test sema::inference::tests::effect_schemes_preserve_inclusions_and_monomorphic_alias_restriction ... ok
test sema::inference::tests::effect_upper_propagation_rewinds_on_work_exhaustion_and_rejects_later_excess ... ok
test sema::inference::tests::equality_candidate_keeps_independent_operands_until_compatibility_is_known ... ok
test sema::inference::tests::exact_effect_port_failure_rewinds_binding_and_retains_reason_edges ... ok
test sema::inference::tests::exact_latent_port_binding_preserves_a_calculated_summary_beneath_its_permission_cap ... ok
test sema::inference::tests::exact_producer_effect_ports_freshen_and_bind_closed_or_opaque_inputs ... ok
test sema::inference::tests::failed_add_probe_does_not_poison_another_discharge ... ok
test sema::inference::tests::failed_candidate_error_bounds_keep_live_source_handles_and_failure_phase ... ok
test sema::inference::tests::failed_probe_handles_do_not_alias_later_allocations_or_other_graphs ... ok
test sema::inference::tests::finite_input_ports_constrain_all_equal_forwarded_effect_ports ... ok
test sema::inference::tests::fixed_effect_inclusions_propagate_and_failed_upper_bound_rolls_back ... ok
test sema::inference::tests::fixed_parameter_invocation_accepts_unknown_cardinality_splice_without_expanding_it ... ok
test sema::inference::tests::generalization_rejects_a_captured_budget_depending_on_new_latent_parameters ... ok
test sema::inference::tests::generic_fixed_splice_invocation_instantiates_binding_proofs_independently ... ok
test sema::inference::tests::ground_forwarded_operation_seals_computed_effect_relations_before_generalization ... ok
test sema::inference::tests::ground_operation_certificate_separates_required_effects_from_caller_budget ... ok
test sema::inference::tests::instantiated_invocation_obligations_preserve_exact_source_origins ... ok
test sema::inference::tests::instantiated_obligation_correspondences_preserve_two_calls_of_the_same_body ... ok
test sema::inference::tests::masked_effect_inclusion_captures_exact_rigid_inputs_and_publishes_the_relation ... ok
test sema::inference::tests::masked_effect_inclusion_failed_bounds_rewind_but_charge_work ... ok
test sema::inference::tests::masked_effect_inclusion_generalizes_symbolic_inputs_for_independent_callers ... ok
test sema::inference::tests::masked_effect_inclusion_rejects_disjoint_rigid_effect_bounds ... ok
test sema::inference::tests::masked_effect_inclusion_removes_only_the_retained_error_permission ... ok
test sema::inference::tests::masked_effect_inclusion_tautology_does_not_create_a_phantom_calculated_binder ... ok
test sema::inference::tests::module_projection_retains_exact_written_callable_promise ... ok
test sema::inference::tests::native_command_admission_keeps_pending_actuals_and_selects_exact_text_domains ... ok
test sema::inference::tests::nullable_constructor_is_idempotent_without_allocating_another_wrapper ... ok
test sema::inference::tests::nullable_late_binding_normalization_obeys_shared_work_and_structural_depth_limits ... ok
test sema::inference::tests::nullable_rank_one_result_flattens_a_later_optional_argument_without_training_its_binder ... ok
test sema::inference::tests::obligation_correspondences_include_candidate_dependencies_and_retire_failed_trials ... ok
test sema::inference::tests::occurs_failure_restores_nested_substitutions ... ok
test sema::inference::tests::opaque_effects_propagate_through_execution_budgets_and_reject_finite_bounds ... ok
test sema::inference::tests::open_projection_keeps_actual_fields_and_projects_distinct_types ... ok
test sema::inference::tests::operation_candidates_wake_when_caller_effect_budget_is_narrowed ... ok
test sema::inference::tests::operation_failure_projection_obeys_the_source_lexical_error_bound ... ok
test sema::inference::tests::operation_output_role_failure_retains_its_permission_provenance ... ok
test sema::inference::tests::pending_error_bounds_survive_forwarding_and_independent_candidate_trials ... ok
test sema::inference::tests::projected_effect_roles_reject_wrong_location_and_missing_or_foreign_source_proofs ... ok
test sema::inference::tests::projected_effect_roles_select_by_exact_source_shape_and_freshen_each_call ... ok
test sema::inference::tests::publication_checks_requirement_scope_even_when_signature_is_ground ... ok
test sema::inference::tests::reason_contribution_edges_are_bounded_and_charged_on_failed_trials ... ok
test sema::inference::tests::recursive_component_keeps_common_binders_and_fresh_member_instances ... ok
test sema::inference::tests::rigid_capture_cannot_lower_beyond_its_scope ... ok
test sema::inference::tests::rigid_requirement_with_no_supported_domain_is_rejected ... ok
test sema::inference::tests::row_lacks_kind_and_recursive_equations_reject_without_binding ... ok
test sema::inference::tests::schemes_publish_only_residual_requirements_and_keep_ground_certificates ... ok
test sema::inference::tests::sealed_add_requirements_are_generalized_forwarded_and_discharged ... ok
test sema::inference::tests::selected_json_candidate_exposes_no_certificate_before_actual_predicate_solves ... ok
test sema::inference::tests::shared_import_reuses_legacy_identity_inside_nested_views ... ok
test sema::inference::tests::shared_import_rolls_back_identities_and_keeps_dynamic_and_recovery_distinct ... ok
test sema::inference::tests::stage_eligibility_preserves_each_checked_operand_domain ... ok
test sema::inference::tests::standalone_effect_roots_generalize_and_instantiate_independently ... ok
test sema::inference::tests::supported_operation_reports_its_permission_failure_without_retyping_the_operand ... ok
test sema::inference::tests::unbound_captured_effect_unions_cannot_be_reported_as_finite_lower_bounds ... ok
test sema::inference::tests::width_assignment_is_not_row_equality_or_container_covariance ... ok
test sema::inference::tests::work_charges_wide_structural_copies_before_a_failed_match ... ok
test sema::inference::tests::work_exhaustion_preserves_pending_requirement_on_solve_entry ... ok
test sema::inference::tests::yield_item_scheme_rejects_root_stream_and_keeps_nested_stream_data ... ok
test sema::operation_graph::tests::arithmetic_candidates_match_all_finite_operand_pairs_without_erasure ... ok
test sema::operation_graph::tests::duration_operation_domains_preserve_asymmetry_and_uint_rejection ... ok
test sema::operation_graph::tests::equality_keeps_independent_unknown_operands_until_compatibility_is_known ... ok
test sema::operation_graph::tests::every_operator_candidate_proves_a_ground_contract_and_rejects_extra_arguments ... ok
test sema::operation_graph::tests::iteration_candidates_retain_exact_pull_close_and_result_permissions ... ok
test sema::operation_graph::tests::language_catalog_reconciles_every_frozen_nonstage_authority ... ok
test sema::operation_graph::tests::membership_binds_receiver_first_and_keeps_container_invariance ... ok
test sema::operation_graph::tests::result_constructor_overloads_preserve_unit_and_independent_error_domains ... ok
test sema::records::tests::record_schema_adapter_exactly_mirrors_registry ... ok
test sema::registry_graph::tests::collect_consumes_pull_and_cleanup_permissions_without_changing_item_type ... ok
test sema::registry_graph::tests::generic_lines_receiver_keeps_creation_and_result_producer_domains_independent ... ok
test sema::registry_graph::tests::path_line_producer_creation_requires_filesystem_permission ... ok
test sema::registry_graph::tests::registry_actual_json_predicates_preserve_supplied_operand_types ... ok
test sema::registry_graph::tests::registry_boundary_metadata_reject_foreign_and_retired_type_handles ... ok
test sema::registry_graph::tests::registry_cache_rejects_foreign_and_retired_graph_handles ... ok
test sema::registry_graph::tests::registry_candidate_selection_uses_actual_json_types_and_exact_receivers ... ok
test sema::registry_graph::tests::registry_catalog_reconciles_every_frozen_callable ... ok
test sema::registry_graph::tests::registry_every_candidate_proves_its_contract_and_rejects_extra_arguments ... ok
test sema::registry_graph::tests::registry_failed_family_import_retires_all_partial_candidates ... ok
test sema::registry_graph::tests::registry_identity_serializer_preserves_control_and_unicode_labels ... ok
test sema::registry_graph::tests::registry_map_templates_keep_every_sealed_key_domain ... ok
test sema::registry_graph::tests::registry_producer_lifecycles_reconcile_all_frozen_stream_results ... ok
test sema::registry_graph::tests::registry_producer_transfers_follow_native_value_paths_and_reject_foreign_candidates ... ok
test sema::registry_graph::tests::registry_receiver_self_and_occurrence_substitutions_remain_connected ... ok
test sema::registry_graph::tests::registry_reference_protocol_audit_reconciles_every_module_candidate ... ok
test sema::registry_graph::tests::registry_schema_and_error_metadata_reconcile_all_remaining_authorities ... ok
test sema::registry_graph::tests::retained_catalog_exports_refuse_foreign_owners_without_candidate_intersections ... ok
test sema::stage_graph::tests::every_stage_candidate_proves_required_and_defaulted_slots_and_rejects_extra_arguments ... ok
test sema::stage_graph::tests::flat_map_output_effect_roots_exist_before_callback_result_selection ... ok
test sema::stage_graph::tests::flat_map_preserves_inner_producer_roles_separately_from_callback_invocation ... ok
test sema::stage_graph::tests::generalized_flat_map_output_roots_keep_conditional_error_independent_per_call ... ok
test sema::stage_graph::tests::lazy_map_retains_callback_effect_role_and_result_data ... ok
test sema::stage_graph::tests::result_stream_source_retains_only_its_projected_pull_and_cleanup ... ok
test sema::stage_graph::tests::stage_catalog_reconciles_all_frozen_stages_and_configuration_owners ... ok
test sema::stage_graph::tests::sum_preserves_integer_and_dynamic_domains_without_concrete_widening ... ok
test sema::types::tests::callable_effects_must_match_exactly ... ok
test sema::types::tests::empty_module_does_not_satisfy_concrete_contract ... ok
test sema::types::tests::module_contract_checks_callable_kind_and_signature_invariantly ... ok
test sema::types::tests::module_contract_checks_member_kind_and_value_type ... ok
test sema::types::tests::optional_module_export_must_match_when_present ... ok
test source::tests::cloned_source_maps_are_independent_when_mutated ... ok
test source::tests::keeps_crlf_line_text_without_line_ending ... ok
test source::tests::rejects_invalid_utf8_source ... ok
test source::tests::reports_one_based_line_and_unicode_column ... ok
test stdlib::embedded_fixture_tests::uptime_reads_whole_seconds ... FAILED
test stdlib::tests::catalog_entries_are_unique_and_parse_as_modules ... ok
test stdlib::tests::cold_start_phase_profile ... ignored
test stdlib::tests::every_binding_names_an_implementation_the_catalog_provides ... ok
test stdlib::tests::every_catalog_module_parses_checks_and_lowers ... FAILED
test stdlib::tests::every_script_binding_has_a_catalog_entry ... ok
test stdlib::tests::labels_and_namespaces_are_unique_and_unrepresentable ... ok
test symbol::tests::builtin_symbols_are_stable ... ok
test symbol::tests::concurrent_owners_retain_dynamic_symbols_before_their_slots_can_be_reused ... ok
test symbol::tests::dynamic_symbols_return_to_a_stable_plateau_after_owner_drop ... ok
test symbol::tests::dynamic_symbols_round_trip ... ok
test symbol::tests::nested_symbol_owner_scope_restores_parent ... ok
test symbol::tests::oversized_dynamic_symbols_round_trip ... ok
test symbol::tests::owner_resolution_rejects_foreign_names_and_preserves_owned_text ... ok
test symbol::tests::preloaded_symbols_cover_builtin_checker_names ... ok
test symbol::tests::preloaded_symbols_cover_standard_api_registry ... ok
test symbol::tests::preloaded_symbols_cover_standard_record_registry ... ok
test syntax::arena::layout_tests::cold_tables_allocate_only_after_their_first_item ... ok
test syntax::arena::layout_tests::compact_arena_rows_keep_fixed_layouts ... ok
test syntax::lexer::tests::regex_tokens_preserve_raw_contents_and_full_delimiter_spans ... ok
test syntax::lexer::tests::rejects_invalid_bytes_unicode_escape ... ok
test syntax::lexer::tests::tokenizes_command_interpolation_boundaries ... ok
test syntax::lexer::tests::tokenizes_keywords_identifiers_strings_comments_and_eof ... ok
test syntax::literal::block_string_migration_tests::block_string_corpus_migrations_preserve_old_text_and_interpolation_boundaries ... ok
test syntax::literal::block_string_tests::block_string_layout_never_rewrites_interpolation_code_or_nested_literals ... ok
test syntax::literal::block_string_tests::block_string_layout_preserves_crlf_tabs_blank_prefixes_and_shared_breaks ... ok
test syntax::literal::block_string_tests::block_string_layout_reports_original_byte_range_for_missing_margin ... ok
test syntax::literal::block_string_tests::block_string_layout_requires_both_structural_boundaries_and_str_domain ... ok
test syntax::parser::tests::explains_dollar_names_in_expression_context ... ok
test syntax::parser::tests::parses_bare_command_as_proc_not_run ... ok
test syntax::parser::tests::parses_declarations_control_flow_and_records ... ok
test syntax::parser::tests::parses_run_compound_word_and_result_operator ... ok
test syntax::parser::tests::rejects_expression_string_interpolation ... ok
test syntax::parser::tests::rejects_interpolation_in_path_strings ... ok
test syntax::parser::tests::rejects_proc_without_signature ... ok
test syntax::token::layout_tests::compact_token_rows_keep_fixed_layouts ... ok
test trace::error_causes::tests::typed_cause_long_chain_rendering_is_bounded_and_escaped ... ok

failures:

---- frontend::query::tests::solved_query_symbolic_flow_alpha_normalizes_each_source_scope stdout ----

thread 'frontend::query::tests::solved_query_symbolic_flow_alpha_normalizes_each_source_scope' (7304051) panicked at src/frontend/query.rs:3407:36:
called `Result::unwrap()` on an `Err` value: InvalidScheme
note: run with `RUST_BACKTRACE=1` environment variable to display a backtrace

---- runner::tests::compact_indexed_coverage_trace_preserves_function_definition_span stdout ----

thread 'runner::tests::compact_indexed_coverage_trace_preserves_function_definition_span' (7304115) panicked at src/runner.rs:639:9:
assertion `left == right` failed
  left: 2
 right: 0

---- runner::tests::compact_indexed_runner_attempt_covers_archive_package_shape stdout ----

thread 'runner::tests::compact_indexed_runner_attempt_covers_archive_package_shape' (7304116) panicked at src/runner.rs:1328:9:
assertion `left == right` failed
  left: 2
 right: 0

---- runner::tests::compact_indexed_runner_attempt_covers_extension_count_shape stdout ----

thread 'runner::tests::compact_indexed_runner_attempt_covers_extension_count_shape' (7304117) panicked at src/runner.rs:1086:9:
assertion `left == right` failed
  left: 2
 right: 0

---- runner::tests::compact_indexed_runner_attempt_covers_json_log_rollup_shape stdout ----

thread 'runner::tests::compact_indexed_runner_attempt_covers_json_log_rollup_shape' (7304120) panicked at src/runner.rs:1187:9:
assertion `left == right` failed: err[compact.indexed-build]: indexed IR could not encode `full_ir_verification`
  /var/folders/tb/mq41rvt94470b3lwmq67s0zc0000gn/T/xsh-runner-compact-json-rollup-18623-1790904996712929000/compact-json-rollup.xsh:1:1
  let root = fp"${args[0]}"
  ^ indexed IR could not encode `full_ir_verification`

  left: 2
 right: 0

---- runner::tests::compact_indexed_runner_attempt_covers_manifest_hash_shape stdout ----

thread 'runner::tests::compact_indexed_runner_attempt_covers_manifest_hash_shape' (7304121) panicked at src/runner.rs:1268:9:
assertion `left == right` failed
  left: 2
 right: 0

---- runner::tests::compact_indexed_runner_attempt_covers_named_helper_call stdout ----

thread 'runner::tests::compact_indexed_runner_attempt_covers_named_helper_call' (7304122) panicked at src/runner.rs:786:9:
assertion `left == right` failed
  left: 2
 right: 0

---- runner::tests::compact_indexed_runner_attempt_covers_result_unit_fallthrough stdout ----

thread 'runner::tests::compact_indexed_runner_attempt_covers_result_unit_fallthrough' (7304131) panicked at src/runner.rs:756:9:
assertion `left == right` failed
  left: 2
 right: 0

---- runner::tests::compact_indexed_runner_attempt_skips_standard_use stdout ----

thread 'runner::tests::compact_indexed_runner_attempt_skips_standard_use' (7304140) panicked at src/runner.rs:840:9:
assertion `left == right` failed
  left: 2
 right: 0

---- runtime::eval::indexed::full::callable_prepare::tests::saved_user_arguments_reject_coupled_authored_entry_rewrites_after_frontend_drop stdout ----

thread '<unnamed>' (7304165) panicked at src/runtime/eval/indexed/full/callable_prepare.rs:358:13:
saved arguments must retain their original authored entry even when every dependent call receipt is rewritten

---- runtime::eval::indexed::full::generic_operation_prepare::tests::scoped_ok_forwarding_uses_prepared_constructor_witnesses_after_frontend_drop stdout ----

thread '<unnamed>' (7304186) panicked at src/runtime/eval/indexed/full/generic_operation_prepare.rs:191:116:
called `Result::unwrap()` on an `Err` value: Diagnostic { severity: Error, code: Some("compact.indexed-build"), message: "indexed IR could not encode `scoped_operation_original_arguments`", span: None, labels: [Label { style: Primary, span: Span { source_id: SourceId(0), start: 0, len: 0 }, message: Some("indexed IR could not encode `scoped_operation_original_arguments`") }], notes: [], fix_hints: [] }

---- runtime::eval::indexed::full::generic_operation_prepare::tests::scoped_ok_rejects_wrong_binders_coupled_receipts_and_foreign_roots stdout ----

thread '<unnamed>' (7304188) panicked at src/runtime/eval/indexed/full/generic_operation_prepare.rs:171:97:
called `Result::unwrap()` on an `Err` value: Diagnostic { severity: Error, code: Some("compact.indexed-build"), message: "indexed IR could not encode `scoped_operation_original_arguments`", span: None, labels: [Label { style: Primary, span: Span { source_id: SourceId(0), start: 0, len: 0 }, message: Some("indexed IR could not encode `scoped_operation_original_arguments`") }], notes: [], fix_hints: [] }

---- runtime::eval::indexed::full::iteration_prepare::tests::cold_iteration_iterator_keeps_its_original_same_typed_parameter_source stdout ----

thread '<unnamed>' (7304207) panicked at src/runtime/eval/indexed/full/iteration_prepare/tests.rs:130:9:
an original iteration source cannot be rewritten to another List[Str] parameter just because its storage type agrees

---- runtime::eval::indexed::full::iteration_prepare::tests::cold_iteration_reads_require_the_actual_original_loop_body stdout ----

thread '<unnamed>' (7304209) panicked at src/runtime/eval/indexed/full/iteration_prepare/tests.rs:161:9:
a loop's native operand moved outside its lexical body must reject: function 0 body does not terminate with a return

---- runtime::eval::indexed::full::pattern_prepare::tests::ground_conditional_patterns_keep_captures_inside_the_admitted_branch_after_frontend_drop stdout ----

thread '<unnamed>' (7304255) panicked at src/runtime/eval/indexed/full/pattern_prepare.rs:603:112:
called `Result::unwrap()` on an `Err` value: Diagnostic { severity: Error, code: Some("compact.indexed-build"), message: "indexed IR could not encode `full_ir_verification`", span: None, labels: [Label { style: Primary, span: Span { source_id: SourceId(0), start: 0, len: 0 }, message: Some("indexed IR could not encode `full_ir_verification`") }], notes: [], fix_hints: [] }

---- runtime::eval::indexed::full::pattern_prepare::tests::scoped_pattern_result_captures_preserve_original_success_binder_after_frontend_drop stdout ----

thread '<unnamed>' (7304275) panicked at src/runtime/eval/indexed/full/pattern_prepare.rs:603:112:
called `Result::unwrap()` on an `Err` value: Diagnostic { severity: Error, code: Some("compact.indexed-build"), message: "indexed IR could not encode `scoped_operation_original_arguments`", span: None, labels: [Label { style: Primary, span: Span { source_id: SourceId(0), start: 0, len: 0 }, message: Some("indexed IR could not encode `scoped_operation_original_arguments`") }], notes: [], fix_hints: [] }

---- runtime::eval::indexed::full::projection_prepare::tests::native_comparison_sources_preserve_preparation_after_frontend_drop stdout ----

thread 'runtime::eval::indexed::full::projection_prepare::tests::native_comparison_sources_preserve_preparation_after_frontend_drop' (7304283) panicked at src/runtime/eval/indexed/full/operation_prepare.rs:254:32:
called `Result::unwrap()` on an `Err` value: IrBuildError { construct: "full_ir_verification", span: None, attempted_instructions: 0, committed_instructions: 0, source_lowering_stats: Some(FrontendLoweredStats { function_count: 6, constructed_functions: 6, statement_count: 44, expression_count: 232, pattern_count: 0, blocker_events: 0, retained_estimate_bytes: 0 }) }

---- runtime::eval::indexed::full::tests::accept_policy_operands_are_verified_on_capture_spawn_and_command_rows stdout ----

thread '<unnamed>' (7304289) panicked at src/runtime/eval/indexed/full.rs:9383:10:
called `Result::unwrap()` on an `Err` value: IrBuildError { construct: "full_ir_verification", span: None, attempted_instructions: 0, committed_instructions: 0, source_lowering_stats: Some(FrontendLoweredStats { function_count: 1, constructed_functions: 1, statement_count: 5, expression_count: 23, pattern_count: 0, blocker_events: 0, retained_estimate_bytes: 0 }) }

---- runtime::eval::indexed::full::tests::builtin_templates_execute_checked_calls_after_frontend_drop_on_both_routes stdout ----

thread '<unnamed>' (7304291) panicked at src/runtime/eval/indexed/full.rs:9383:10:
called `Result::unwrap()` on an `Err` value: IrBuildError { construct: "operation_instruction_not_prepared", span: None, attempted_instructions: 0, committed_instructions: 0, source_lowering_stats: Some(FrontendLoweredStats { function_count: 5, constructed_functions: 5, statement_count: 12, expression_count: 85, pattern_count: 0, blocker_events: 0, retained_estimate_bytes: 0 }) }

---- runtime::eval::indexed::full::tests::cli_command_descriptor_plans_execute_both_indexed_routes stdout ----

thread '<unnamed>' (7304293) panicked at src/runtime/eval/indexed/full.rs:9383:10:
called `Result::unwrap()` on an `Err` value: IrBuildError { construct: "full_ir_verification", span: None, attempted_instructions: 0, committed_instructions: 0, source_lowering_stats: Some(FrontendLoweredStats { function_count: 1, constructed_functions: 1, statement_count: 2, expression_count: 21, pattern_count: 0, blocker_events: 0, retained_estimate_bytes: 0 }) }

---- runtime::eval::indexed::full::tests::cli_descriptor_plans_share_preparation_and_execute_both_indexed_routes stdout ----

thread '<unnamed>' (7304295) panicked at src/runtime/eval/indexed/full.rs:9383:10:
called `Result::unwrap()` on an `Err` value: IrBuildError { construct: "full_ir_verification", span: None, attempted_instructions: 0, committed_instructions: 0, source_lowering_stats: Some(FrontendLoweredStats { function_count: 1, constructed_functions: 1, statement_count: 3, expression_count: 21, pattern_count: 0, blocker_events: 0, retained_estimate_bytes: 0 }) }

---- runtime::eval::indexed::full::tests::compact_entry_executes_after_all_frontend_and_adapter_scratch_is_dropped stdout ----

thread '<unnamed>' (7304305) panicked at src/runtime/eval/indexed/full.rs:9903:18:
called `Result::unwrap()` on an `Err` value: IrBuildError { construct: "full_ir_verification", span: None, attempted_instructions: 0, committed_instructions: 0, source_lowering_stats: Some(FrontendLoweredStats { function_count: 7, constructed_functions: 7, statement_count: 31, expression_count: 87, pattern_count: 2, blocker_events: 0, retained_estimate_bytes: 0 }) }

---- runtime::eval::indexed::full::tests::context_scope_command_capture_tails_execute_after_frontend_drop_on_both_routes stdout ----

thread '<unnamed>' (7304312) panicked at src/runtime/eval/indexed/full.rs:9383:10:
called `Result::unwrap()` on an `Err` value: IrBuildError { construct: "full_ir_verification", span: None, attempted_instructions: 0, committed_instructions: 0, source_lowering_stats: Some(FrontendLoweredStats { function_count: 6, constructed_functions: 6, statement_count: 7, expression_count: 22, pattern_count: 0, blocker_events: 0, retained_estimate_bytes: 0 }) }

---- runtime::eval::indexed::full::tests::context_scope_fatal_body_restores_state_on_both_routes stdout ----

thread '<unnamed>' (7304317) panicked at src/runtime/eval/indexed/full.rs:9383:10:
called `Result::unwrap()` on an `Err` value: IrBuildError { construct: "full_ir_verification", span: None, attempted_instructions: 0, committed_instructions: 0, source_lowering_stats: Some(FrontendLoweredStats { function_count: 1, constructed_functions: 1, statement_count: 3, expression_count: 11, pattern_count: 0, blocker_events: 0, retained_estimate_bytes: 0 }) }

---- runtime::eval::indexed::full::tests::context_scope_force_abort_restores_evaluator_state_on_both_routes stdout ----

thread '<unnamed>' (7304319) panicked at src/runtime/eval/indexed/full.rs:9383:10:
called `Result::unwrap()` on an `Err` value: IrBuildError { construct: "full_ir_function_blocker", span: Some(Span { source_id: SourceId(0), start: 33, len: 5 }), attempted_instructions: 0, committed_instructions: 0, source_lowering_stats: Some(FrontendLoweredStats { function_count: 1, constructed_functions: 0, statement_count: 1, expression_count: 4, pattern_count: 0, blocker_events: 1, retained_estimate_bytes: 0 }) }

---- runtime::eval::indexed::full::tests::direct_full_program_preserves_values_output_errors_and_traces stdout ----

thread '<unnamed>' (7304329) panicked at src/runtime/eval/indexed/full.rs:9383:10:
called `Result::unwrap()` on an `Err` value: IrBuildError { construct: "full_ir_verification", span: None, attempted_instructions: 0, committed_instructions: 0, source_lowering_stats: Some(FrontendLoweredStats { function_count: 7, constructed_functions: 7, statement_count: 31, expression_count: 87, pattern_count: 2, blocker_events: 0, retained_estimate_bytes: 0 }) }

---- runtime::eval::indexed::full::tests::direct_scalar_iteration_runs_after_frontend_drop stdout ----

thread '<unnamed>' (7304331) panicked at src/runtime/eval/indexed/full.rs:9383:10:
called `Result::unwrap()` on an `Err` value: IrBuildError { construct: "full_ir_verification", span: None, attempted_instructions: 0, committed_instructions: 0, source_lowering_stats: Some(FrontendLoweredStats { function_count: 5, constructed_functions: 5, statement_count: 12, expression_count: 32, pattern_count: 0, blocker_events: 0, retained_estimate_bytes: 0 }) }

---- runtime::eval::indexed::full::tests::enum_payload_alias_and_alternation_execute_after_frontend_drop_on_both_routes stdout ----

thread '<unnamed>' (7304339) panicked at src/runtime/eval/indexed/full.rs:9383:10:
called `Result::unwrap()` on an `Err` value: IrBuildError { construct: "pattern_original_source_missing", span: None, attempted_instructions: 7, committed_instructions: 0, source_lowering_stats: Some(FrontendLoweredStats { function_count: 1, constructed_functions: 1, statement_count: 1, expression_count: 7, pattern_count: 8, blocker_events: 0, retained_estimate_bytes: 0 }) }

---- runtime::eval::indexed::full::tests::fs_root_methods_keep_opaque_identity_and_defaults_on_both_indexed_routes stdout ----

thread '<unnamed>' (7304341) panicked at src/runtime/eval/indexed/full.rs:9383:10:
called `Result::unwrap()` on an `Err` value: IrBuildError { construct: "pattern_original_source_missing", span: None, attempted_instructions: 8, committed_instructions: 0, source_lowering_stats: Some(FrontendLoweredStats { function_count: 1, constructed_functions: 1, statement_count: 12, expression_count: 46, pattern_count: 2, blocker_events: 0, retained_estimate_bytes: 0 }) }

---- runtime::eval::indexed::full::tests::full_indexed_program_represents_every_indexed_fixture_function stdout ----

thread 'runtime::eval::indexed::full::tests::full_indexed_program_represents_every_indexed_fixture_function' (7304343) panicked at src/runtime/eval/indexed/full.rs:9383:10:
called `Result::unwrap()` on an `Err` value: IrBuildError { construct: "full_ir_verification", span: None, attempted_instructions: 0, committed_instructions: 0, source_lowering_stats: Some(FrontendLoweredStats { function_count: 7, constructed_functions: 7, statement_count: 31, expression_count: 87, pattern_count: 2, blocker_events: 0, retained_estimate_bytes: 0 }) }

---- runtime::eval::indexed::full::tests::inferred_require_targets_survive_frontend_drop_on_both_routes stdout ----

thread '<unnamed>' (7304348) panicked at src/runtime/eval/indexed/full.rs:11204:35:
called `Result::unwrap()` on an `Err` value: RuntimeError { family: "Error", variant: "indexed-ir", kind: "indexed-ir", message: "generic projection requires its prepared record layout", payload: Dynamic({}), facets: [], span: Some(Span { source_id: SourceId(0), start: 248, len: 12 }), contexts: [], cause: None, abort: None, propagated: false, propagated_run_error: None, family_name: Name(Symbol(19)), variant_name: Name(Symbol(1108)), _symbols: SymbolOwner(SymbolOwnerData { .. }) }

---- runtime::eval::indexed::full::tests::list_assignment_verifies_paths_and_executes_both_routes stdout ----

thread '<unnamed>' (7304351) panicked at src/runtime/eval/indexed/full.rs:9383:10:
called `Result::unwrap()` on an `Err` value: IrBuildError { construct: "full_ir_verification", span: None, attempted_instructions: 0, committed_instructions: 0, source_lowering_stats: Some(FrontendLoweredStats { function_count: 1, constructed_functions: 1, statement_count: 5, expression_count: 30, pattern_count: 0, blocker_events: 0, retained_estimate_bytes: 0 }) }

---- runtime::eval::indexed::full::tests::prepared_cli_plan_pool_rewinds_with_builder_checkpoint stdout ----

thread '<unnamed>' (7304366) panicked at src/runtime/eval/indexed/full.rs:9383:10:
called `Result::unwrap()` on an `Err` value: IrBuildError { construct: "full_ir_verification", span: None, attempted_instructions: 0, committed_instructions: 0, source_lowering_stats: Some(FrontendLoweredStats { function_count: 1, constructed_functions: 1, statement_count: 3, expression_count: 21, pattern_count: 0, blocker_events: 0, retained_estimate_bytes: 0 }) }

---- runtime::eval::indexed::full::tests::record_proof_precise_types_and_unreachable_fallback_survive_frontend_drop stdout ----

thread '<unnamed>' (7304373) panicked at src/runtime/eval/indexed/full.rs:9383:10:
called `Result::unwrap()` on an `Err` value: IrBuildError { construct: "full_ir_verification", span: None, attempted_instructions: 0, committed_instructions: 0, source_lowering_stats: Some(FrontendLoweredStats { function_count: 2, constructed_functions: 2, statement_count: 7, expression_count: 22, pattern_count: 0, blocker_events: 0, retained_estimate_bytes: 0 }) }

---- runtime::eval::indexed::full::tests::stage_callable_ordinary_calls_execute_after_frontend_drop_on_both_routes stdout ----

thread '<unnamed>' (7304375) panicked at src/runtime/eval/indexed/full.rs:9383:10:
called `Result::unwrap()` on an `Err` value: IrBuildError { construct: "pattern_original_source_missing", span: None, attempted_instructions: 10, committed_instructions: 21, source_lowering_stats: Some(FrontendLoweredStats { function_count: 5, constructed_functions: 5, statement_count: 1, expression_count: 22, pattern_count: 3, blocker_events: 0, retained_estimate_bytes: 0 }) }

---- runtime::eval::indexed::full::tests::tokei_showcase_contains_direct_pure_calls stdout ----

thread 'runtime::eval::indexed::full::tests::tokei_showcase_contains_direct_pure_calls' (7304378) panicked at src/runtime/eval/indexed/full.rs:9383:10:
called `Result::unwrap()` on an `Err` value: IrBuildError { construct: "pattern_original_source_missing", span: None, attempted_instructions: 224, committed_instructions: 2708, source_lowering_stats: Some(FrontendLoweredStats { function_count: 36, constructed_functions: 36, statement_count: 630, expression_count: 2533, pattern_count: 188, blocker_events: 0, retained_estimate_bytes: 0 }) }

---- runtime::eval::indexed::full::tests::tokei_showcase_contains_scan_bytes_fast_paths stdout ----

thread 'runtime::eval::indexed::full::tests::tokei_showcase_contains_scan_bytes_fast_paths' (7304387) panicked at src/runtime/eval/indexed/full.rs:9383:10:
called `Result::unwrap()` on an `Err` value: IrBuildError { construct: "pattern_original_source_missing", span: None, attempted_instructions: 224, committed_instructions: 2708, source_lowering_stats: Some(FrontendLoweredStats { function_count: 36, constructed_functions: 36, statement_count: 630, expression_count: 2533, pattern_count: 188, blocker_events: 0, retained_estimate_bytes: 0 }) }

---- runtime::eval::indexed::full::tests::tokei_showcase_contains_scan_lines_fast_paths stdout ----

thread 'runtime::eval::indexed::full::tests::tokei_showcase_contains_scan_lines_fast_paths' (7304396) panicked at src/runtime/eval/indexed/full.rs:9383:10:
called `Result::unwrap()` on an `Err` value: IrBuildError { construct: "pattern_original_source_missing", span: None, attempted_instructions: 224, committed_instructions: 2708, source_lowering_stats: Some(FrontendLoweredStats { function_count: 36, constructed_functions: 36, statement_count: 630, expression_count: 2533, pattern_count: 188, blocker_events: 0, retained_estimate_bytes: 0 }) }

---- runtime::eval::indexed::full::tests::trimmed_else_if_scanner_lowers_to_scan_lines stdout ----

thread 'runtime::eval::indexed::full::tests::trimmed_else_if_scanner_lowers_to_scan_lines' (7304399) panicked at src/runtime/eval/indexed/full.rs:9383:10:
called `Result::unwrap()` on an `Err` value: IrBuildError { construct: "full_ir_verification", span: None, attempted_instructions: 0, committed_instructions: 0, source_lowering_stats: Some(FrontendLoweredStats { function_count: 2, constructed_functions: 2, statement_count: 9, expression_count: 21, pattern_count: 0, blocker_events: 0, retained_estimate_bytes: 0 }) }

---- runtime::eval::indexed::full::tests::uint_mutation_checks_execute_both_indexed_routes_after_frontend_drop stdout ----

thread '<unnamed>' (7304406) panicked at src/runtime/eval/indexed/full.rs:9383:10:
called `Result::unwrap()` on an `Err` value: IrBuildError { construct: "ground_projection_receiver_origin", span: None, attempted_instructions: 0, committed_instructions: 0, source_lowering_stats: Some(FrontendLoweredStats { function_count: 50, constructed_functions: 50, statement_count: 84, expression_count: 211, pattern_count: 2, blocker_events: 0, retained_estimate_bytes: 0 }) }

---- runtime::eval::indexed::full::tests::verifier_checks_pattern_condition_capture_slots_and_branch_returns stdout ----

thread 'runtime::eval::indexed::full::tests::verifier_checks_pattern_condition_capture_slots_and_branch_returns' (7304408) panicked at src/runtime/eval/indexed/full.rs:9383:10:
called `Result::unwrap()` on an `Err` value: IrBuildError { construct: "generic_evidence_verification", span: None, attempted_instructions: 0, committed_instructions: 0, source_lowering_stats: Some(FrontendLoweredStats { function_count: 2, constructed_functions: 2, statement_count: 9, expression_count: 33, pattern_count: 4, blocker_events: 0, retained_estimate_bytes: 0 }) }

---- runtime::eval::indexed::full::tests::verifier_rejects_binding_and_missing_retry_selection_patterns stdout ----

thread 'runtime::eval::indexed::full::tests::verifier_rejects_binding_and_missing_retry_selection_patterns' (7304410) panicked at src/runtime/eval/indexed/full.rs:9383:10:
called `Result::unwrap()` on an `Err` value: IrBuildError { construct: "full_ir_verification", span: None, attempted_instructions: 0, committed_instructions: 0, source_lowering_stats: Some(FrontendLoweredStats { function_count: 2, constructed_functions: 2, statement_count: 3, expression_count: 7, pattern_count: 4, blocker_events: 0, retained_estimate_bytes: 0 }) }

---- runtime::eval::indexed::full::tests::verifier_rejects_block_ownership_and_missing_function_terminators stdout ----

thread 'runtime::eval::indexed::full::tests::verifier_rejects_block_ownership_and_missing_function_terminators' (7304411) panicked at src/runtime/eval/indexed/full.rs:9383:10:
called `Result::unwrap()` on an `Err` value: IrBuildError { construct: "full_ir_verification", span: None, attempted_instructions: 0, committed_instructions: 0, source_lowering_stats: Some(FrontendLoweredStats { function_count: 7, constructed_functions: 7, statement_count: 31, expression_count: 87, pattern_count: 2, blocker_events: 0, retained_estimate_bytes: 0 }) }

---- runtime::eval::indexed::full::tests::verifier_rejects_cross_function_instruction_ownership stdout ----

thread 'runtime::eval::indexed::full::tests::verifier_rejects_cross_function_instruction_ownership' (7304412) panicked at src/runtime/eval/indexed/full.rs:9383:10:
called `Result::unwrap()` on an `Err` value: IrBuildError { construct: "full_ir_verification", span: None, attempted_instructions: 0, committed_instructions: 0, source_lowering_stats: Some(FrontendLoweredStats { function_count: 7, constructed_functions: 7, statement_count: 31, expression_count: 87, pattern_count: 2, blocker_events: 0, retained_estimate_bytes: 0 }) }

---- runtime::eval::indexed::full::tests::verifier_rejects_empty_record_update_path_and_bad_replacement_reference stdout ----

thread '<unnamed>' (7304415) panicked at src/runtime/eval/indexed/full.rs:9383:10:
called `Result::unwrap()` on an `Err` value: IrBuildError { construct: "full_ir_verification", span: None, attempted_instructions: 0, committed_instructions: 0, source_lowering_stats: Some(FrontendLoweredStats { function_count: 1, constructed_functions: 1, statement_count: 2, expression_count: 10, pattern_count: 0, blocker_events: 0, retained_estimate_bytes: 0 }) }

---- runtime::eval::indexed::full::tests::verifier_rejects_nested_pattern_cycles_and_missing_children stdout ----

thread 'runtime::eval::indexed::full::tests::verifier_rejects_nested_pattern_cycles_and_missing_children' (7304420) panicked at src/runtime/eval/indexed/full.rs:9383:10:
called `Result::unwrap()` on an `Err` value: IrBuildError { construct: "pattern_original_source_missing", span: None, attempted_instructions: 7, committed_instructions: 0, source_lowering_stats: Some(FrontendLoweredStats { function_count: 1, constructed_functions: 1, statement_count: 3, expression_count: 12, pattern_count: 5, blocker_events: 0, retained_estimate_bytes: 0 }) }

---- runtime::eval::indexed::full::tests::verifier_rejects_slot_pattern_function_stage_and_location_bounds stdout ----

thread 'runtime::eval::indexed::full::tests::verifier_rejects_slot_pattern_function_stage_and_location_bounds' (7304421) panicked at src/runtime/eval/indexed/full.rs:9383:10:
called `Result::unwrap()` on an `Err` value: IrBuildError { construct: "full_ir_verification", span: None, attempted_instructions: 0, committed_instructions: 0, source_lowering_stats: Some(FrontendLoweredStats { function_count: 7, constructed_functions: 7, statement_count: 31, expression_count: 87, pattern_count: 2, blocker_events: 0, retained_estimate_bytes: 0 }) }

---- runtime::eval::indexed::full::tests::wire_enum_preparation_survives_frontend_drop_and_executes_both_routes stdout ----

thread '<unnamed>' (7304424) panicked at src/runtime/eval/indexed/full.rs:9383:10:
called `Result::unwrap()` on an `Err` value: IrBuildError { construct: "generic_evidence_verification", span: None, attempted_instructions: 0, committed_instructions: 0, source_lowering_stats: Some(FrontendLoweredStats { function_count: 5, constructed_functions: 5, statement_count: 9, expression_count: 27, pattern_count: 0, blocker_events: 0, retained_estimate_bytes: 0 }) }

---- runtime::eval::indexed::full::value_prepare::tests::original_nested_immutable_native_result_binding_survives_frontend_disposal stdout ----

thread 'runtime::eval::indexed::full::value_prepare::tests::original_nested_immutable_native_result_binding_survives_frontend_disposal' (7304427) panicked at src/runtime/eval/indexed/full/operation_prepare.rs:254:32:
called `Result::unwrap()` on an `Err` value: IrBuildError { construct: "full_ir_verification", span: None, attempted_instructions: 0, committed_instructions: 0, source_lowering_stats: Some(FrontendLoweredStats { function_count: 1, constructed_functions: 1, statement_count: 3, expression_count: 9, pattern_count: 0, blocker_events: 0, retained_estimate_bytes: 0 }) }

---- runtime::eval::lower::call_argument_plan_tests::native_callable_alias_executes_with_its_selected_original_receipt_after_disposal stdout ----

thread '<unnamed>' (7304471) panicked at src/runtime/eval/lower/call_argument_plan_tests.rs:149:50:
preparation phase: Diagnostic { severity: Error, code: Some("compact.indexed-build"), message: "indexed IR could not encode `top_level_boundary_blocker`", span: None, labels: [Label { style: Primary, span: Span { source_id: SourceId(0), start: 0, len: 25 }, message: Some("indexed IR could not encode `top_level_boundary_blocker`") }], notes: [], fix_hints: [] }

---- runtime::eval::lower::value_binding::tests::original_nested_native_result_value_binding_keeps_its_initialization_after_source_disposal stdout ----

thread '<unnamed>' (7304561) panicked at src/runtime/eval/lower/value_binding.rs:42:13:
assertion `left == right` failed: a nested native result has its own immutable Let authority
  left: 0
 right: 1

---- runtime::eval::lower::value_binding::tests::original_value_binding_refuses_missing_definition_or_initializer_facts stdout ----

thread '<unnamed>' (7304563) panicked at src/runtime/eval/lower/value_binding.rs:157:13:
a tree mirror cannot replace an original immutable definition

---- runtime::eval::lower::value_binding::tests::original_value_bindings_restore_record_authority_after_mutable_and_callable_shadows stdout ----

thread '<unnamed>' (7304565) panicked at src/runtime/eval/lower/value_binding.rs:107:13:
assertion `left == right` failed
  left: 0
 right: 2

---- runtime::eval::lowered_run::indexed_run::explicit_run::tests::callable_template_tests::prepared_scoped_callback_uses_original_named_order_and_handle_defaults stdout ----

thread '<unnamed>' (7304579) panicked at src/runtime/eval/lowered_run/indexed_run/explicit_run.rs:4716:11:
frame fixture prepares: IrBuildError { construct: "generic_evidence_verification", span: None, attempted_instructions: 0, committed_instructions: 0, source_lowering_stats: Some(FrontendLoweredStats { function_count: 5, constructed_functions: 5, statement_count: 0, expression_count: 19, pattern_count: 0, blocker_events: 0, retained_estimate_bytes: 0 }) }

---- runtime::eval::lowered_run::indexed_run::tests::both_call_routes_agree_on_the_same_public_program stdout ----

thread '<unnamed>' (7304599) panicked at src/runtime/eval/lowered_run/indexed_run.rs:10593:42:
the call-route program prepares: Diagnostic { severity: Error, code: Some("compact.indexed-build"), message: "indexed IR could not encode `full_ir_verification`", span: None, labels: [Label { style: Primary, span: Span { source_id: SourceId(0), start: 0, len: 0 }, message: Some("indexed IR could not encode `full_ir_verification`") }], notes: [], fix_hints: [] }

---- runtime::eval::lowered_run::indexed_run::tests::direct_indexed_function_executes_without_decoding_its_body stdout ----

thread '<unnamed>' (7304606) panicked at src/runtime/eval/lowered_run/indexed_run.rs:10442:9:
assertion failed: evaluator.prepare_compact_indexed_only(&parsed.arena, source_id).is_some()

---- runtime::eval::lowered_run::indexed_run::tests::omitted_argument_tests::callable_alias_method_omissions_keep_prepared_defaults_after_frontend_drop stdout ----

thread '<unnamed>' (7304668) panicked at src/runtime/eval/lowered_run/indexed_run/omitted_argument_tests.rs:15:14:
checked omission recipes prepare without evaluating defaults: Diagnostic { severity: Error, code: Some("compact.indexed-build"), message: "indexed IR could not encode `callable_original_expression_missing`", span: None, labels: [Label { style: Primary, span: Span { source_id: SourceId(0), start: 0, len: 0 }, message: Some("indexed IR could not encode `callable_original_expression_missing`") }], notes: [], fix_hints: [] }

---- runtime::eval::lowered_run::indexed_run::tests::omitted_argument_tests::omitted_expression_default_propagation_runs_cleanup_and_skips_later_defaults stdout ----

thread '<unnamed>' (7304674) panicked at src/runtime/eval/lowered_run/indexed_run/omitted_argument_tests.rs:15:14:
checked omission recipes prepare without evaluating defaults: Diagnostic { severity: Error, code: Some("compact.indexed-build"), message: "indexed IR could not encode `full_ir_verification`", span: None, labels: [Label { style: Primary, span: Span { source_id: SourceId(0), start: 0, len: 0 }, message: Some("indexed IR could not encode `full_ir_verification`") }], notes: [], fix_hints: [] }

---- sema::check::generic_tests::nominal_graph_facts_retain_the_registered_declaration_identity stdout ----

thread 'sema::check::generic_tests::nominal_graph_facts_retain_the_registered_declaration_identity' (7304873) panicked at src/sema/check/generic_tests.rs:166:17:
assertion failed: matches!(checked.solved.graph.node(*ty).unwrap(),
    TypeNode::Atom(Atom::ErrorFamily(name)) if name == "Failure")

---- stdlib::embedded_fixture_tests::uptime_reads_whole_seconds stdout ----

thread '<unnamed>' (7305470) panicked at src/runtime/eval.rs:4039:14:
embedded module lowers: IrBuildError { construct: "full_ir_function_blocker", span: Some(Span { source_id: SourceId(1), start: 1270, len: 7 }), attempted_instructions: 0, committed_instructions: 16, source_lowering_stats: Some(FrontendLoweredStats { function_count: 2, constructed_functions: 1, statement_count: 2, expression_count: 16, pattern_count: 0, blocker_events: 1, retained_estimate_bytes: 0 }) }

---- stdlib::tests::every_catalog_module_parses_checks_and_lowers stdout ----

thread 'stdlib::tests::every_catalog_module_parses_checks_and_lowers' (7305473) panicked at src/stdlib.rs:370:21:
<xsh-stdlib:hash>: indexed IR rejected the module: full_ir_function_blocker at bytes 787..842


failures:
    frontend::query::tests::solved_query_symbolic_flow_alpha_normalizes_each_source_scope
    runner::tests::compact_indexed_coverage_trace_preserves_function_definition_span
    runner::tests::compact_indexed_runner_attempt_covers_archive_package_shape
    runner::tests::compact_indexed_runner_attempt_covers_extension_count_shape
    runner::tests::compact_indexed_runner_attempt_covers_json_log_rollup_shape
    runner::tests::compact_indexed_runner_attempt_covers_manifest_hash_shape
    runner::tests::compact_indexed_runner_attempt_covers_named_helper_call
    runner::tests::compact_indexed_runner_attempt_covers_result_unit_fallthrough
    runner::tests::compact_indexed_runner_attempt_skips_standard_use
    runtime::eval::indexed::full::callable_prepare::tests::saved_user_arguments_reject_coupled_authored_entry_rewrites_after_frontend_drop
    runtime::eval::indexed::full::generic_operation_prepare::tests::scoped_ok_forwarding_uses_prepared_constructor_witnesses_after_frontend_drop
    runtime::eval::indexed::full::generic_operation_prepare::tests::scoped_ok_rejects_wrong_binders_coupled_receipts_and_foreign_roots
    runtime::eval::indexed::full::iteration_prepare::tests::cold_iteration_iterator_keeps_its_original_same_typed_parameter_source
    runtime::eval::indexed::full::iteration_prepare::tests::cold_iteration_reads_require_the_actual_original_loop_body
    runtime::eval::indexed::full::pattern_prepare::tests::ground_conditional_patterns_keep_captures_inside_the_admitted_branch_after_frontend_drop
    runtime::eval::indexed::full::pattern_prepare::tests::scoped_pattern_result_captures_preserve_original_success_binder_after_frontend_drop
    runtime::eval::indexed::full::projection_prepare::tests::native_comparison_sources_preserve_preparation_after_frontend_drop
    runtime::eval::indexed::full::tests::accept_policy_operands_are_verified_on_capture_spawn_and_command_rows
    runtime::eval::indexed::full::tests::builtin_templates_execute_checked_calls_after_frontend_drop_on_both_routes
    runtime::eval::indexed::full::tests::cli_command_descriptor_plans_execute_both_indexed_routes
    runtime::eval::indexed::full::tests::cli_descriptor_plans_share_preparation_and_execute_both_indexed_routes
    runtime::eval::indexed::full::tests::compact_entry_executes_after_all_frontend_and_adapter_scratch_is_dropped
    runtime::eval::indexed::full::tests::context_scope_command_capture_tails_execute_after_frontend_drop_on_both_routes
    runtime::eval::indexed::full::tests::context_scope_fatal_body_restores_state_on_both_routes
    runtime::eval::indexed::full::tests::context_scope_force_abort_restores_evaluator_state_on_both_routes
    runtime::eval::indexed::full::tests::direct_full_program_preserves_values_output_errors_and_traces
    runtime::eval::indexed::full::tests::direct_scalar_iteration_runs_after_frontend_drop
    runtime::eval::indexed::full::tests::enum_payload_alias_and_alternation_execute_after_frontend_drop_on_both_routes
    runtime::eval::indexed::full::tests::fs_root_methods_keep_opaque_identity_and_defaults_on_both_indexed_routes
    runtime::eval::indexed::full::tests::full_indexed_program_represents_every_indexed_fixture_function
    runtime::eval::indexed::full::tests::inferred_require_targets_survive_frontend_drop_on_both_routes
    runtime::eval::indexed::full::tests::list_assignment_verifies_paths_and_executes_both_routes
    runtime::eval::indexed::full::tests::prepared_cli_plan_pool_rewinds_with_builder_checkpoint
    runtime::eval::indexed::full::tests::record_proof_precise_types_and_unreachable_fallback_survive_frontend_drop
    runtime::eval::indexed::full::tests::stage_callable_ordinary_calls_execute_after_frontend_drop_on_both_routes
    runtime::eval::indexed::full::tests::tokei_showcase_contains_direct_pure_calls
    runtime::eval::indexed::full::tests::tokei_showcase_contains_scan_bytes_fast_paths
    runtime::eval::indexed::full::tests::tokei_showcase_contains_scan_lines_fast_paths
    runtime::eval::indexed::full::tests::trimmed_else_if_scanner_lowers_to_scan_lines
    runtime::eval::indexed::full::tests::uint_mutation_checks_execute_both_indexed_routes_after_frontend_drop
    runtime::eval::indexed::full::tests::verifier_checks_pattern_condition_capture_slots_and_branch_returns
    runtime::eval::indexed::full::tests::verifier_rejects_binding_and_missing_retry_selection_patterns
    runtime::eval::indexed::full::tests::verifier_rejects_block_ownership_and_missing_function_terminators
    runtime::eval::indexed::full::tests::verifier_rejects_cross_function_instruction_ownership
    runtime::eval::indexed::full::tests::verifier_rejects_empty_record_update_path_and_bad_replacement_reference
    runtime::eval::indexed::full::tests::verifier_rejects_nested_pattern_cycles_and_missing_children
    runtime::eval::indexed::full::tests::verifier_rejects_slot_pattern_function_stage_and_location_bounds
    runtime::eval::indexed::full::tests::wire_enum_preparation_survives_frontend_drop_and_executes_both_routes
    runtime::eval::indexed::full::value_prepare::tests::original_nested_immutable_native_result_binding_survives_frontend_disposal
    runtime::eval::lower::call_argument_plan_tests::native_callable_alias_executes_with_its_selected_original_receipt_after_disposal
    runtime::eval::lower::value_binding::tests::original_nested_native_result_value_binding_keeps_its_initialization_after_source_disposal
    runtime::eval::lower::value_binding::tests::original_value_binding_refuses_missing_definition_or_initializer_facts
    runtime::eval::lower::value_binding::tests::original_value_bindings_restore_record_authority_after_mutable_and_callable_shadows
    runtime::eval::lowered_run::indexed_run::explicit_run::tests::callable_template_tests::prepared_scoped_callback_uses_original_named_order_and_handle_defaults
    runtime::eval::lowered_run::indexed_run::tests::both_call_routes_agree_on_the_same_public_program
    runtime::eval::lowered_run::indexed_run::tests::direct_indexed_function_executes_without_decoding_its_body
    runtime::eval::lowered_run::indexed_run::tests::omitted_argument_tests::callable_alias_method_omissions_keep_prepared_defaults_after_frontend_drop
    runtime::eval::lowered_run::indexed_run::tests::omitted_argument_tests::omitted_expression_default_propagation_runs_cleanup_and_skips_later_defaults
    sema::check::generic_tests::nominal_graph_facts_retain_the_registered_declaration_identity
    stdlib::embedded_fixture_tests::uptime_reads_whole_seconds
    stdlib::tests::every_catalog_module_parses_checks_and_lowers

test result: FAILED. 1087 passed; 61 failed; 1 ignored; 0 measured; 0 filtered out; finished in 11.58s

error: test failed, to rerun pass `-p xsh --lib`
